word,neighbors
acerbo,acerboni:0.683027982711792 scerbo:0.6317697167396545 cerbo:0.5969229936599731 acerbe:0.5814204216003418 acerba:0.5277457237243652 acerbum:0.5042990446090698
