word,neighbors
amaro,"amarone:0.6670599579811096 amarognolo:0.635299026966095 retrogusto:0.617995023727417 amarena:0.599908173084259 amaroni:0.5953569412231445 amarognola:0.5946570634841919 amarotta:0.5937989950180054 amara:0.5724035501480103 amareno:0.5668998956680298 retrogusti:0.5644572973251343 amarognole:0.5642174482345581 liquore:0.5600457787513733 saporoso:0.5558657050132751 acidulo:0.553845226764679 amarezza:0.551646888256073 vanigliato:0.5499568581581116 piccante:0.545596718788147 dolceamaro:0.545586109161377 spumoso:0.544199526309967 agrodolce:0.5440043210983276 amaretto:0.54378741979599 amarela:0.5436429381370544 amarene:0.5436413288116455 aroma:0.5417841672897339 caramelloso:0.5399666428565979 liquoroso:0.5395512580871582 sciropposo:0.5388982892036438 sapido:0.5370227694511414 zuccherino:0.5363017916679382 zuccheroso:0.5362264513969421 sapore:0.5328039526939392 amaretto,:0.531836986541748 dolciastro:0.5307307243347168 aromatizzante:0.5291398167610168 vaniglia:0.5290289521217346 espumoso:0.5276845097541809 amares:0.5268787741661072 caramello:0.5267969965934753 zuccherato:0.5243193507194519 amaretti:0.5237252116203308 amarella:0.5225058794021606 amarelas:0.520331859588623 fragrante:0.5188564658164978 alcolico:0.5165883302688599 amarea:0.5153351426124573 dolcificante:0.5149725079536438 amario:0.5140535831451416 asprigno:0.5137166380882263 aromatico:0.5119205117225647 zuccherosa:0.5097119808197021 sapor:0.508886992931366 tannico:0.5087131857872009 liquorosa:0.5072205662727356 gustoso:0.5071489214897156 succo:0.5062278509140015 agrumato:0.5058776140213013 insapore:0.5055037140846252 amare»:0.5052440762519836 negroamaro:0.5045287013053894 saporosa:0.5043462514877319 vaniglio:0.5039166212081909 speziato:0.5038169026374817 torrefatto:0.5033844113349915 acre:0.5032720565795898 buccia:0.5029860734939575 succoso:0.5022186040878296 amarissimo:0.502140462398529 blu/amaro:0.5011419057846069 saporito:0.500379741191864"
