word,neighbors
anello,anellone:0.7255362868309021 anelli:0.7246043682098389 anella:0.715326726436615 anell:0.7126120924949646 anellino:0.6896188855171204 anello»:0.6745644807815552 anelle:0.6515860557556152 anellato:0.6354484558105469 anelloni:0.6129249930381775 anellini:0.5985758900642395 anellate:0.578862726688385 anelletti:0.5702799558639526 anellata:0.5497790575027466 sottoanello:0.5289831161499023 benzenico:0.5158418416976929 anellii:0.5073659420013428 anellatura:0.5053191781044006 anellide:0.5049992203712463 noetheriano:0.5017452836036682 andvaranautr:0.5005432963371277
