word,neighbors
ape,apemaia:0.5623629689216614 magà:0.5351647138595581
