word,neighbors
asta,aste:0.5983240008354187 sotheby:0.550722599029541 asticella:0.502526581287384
