word,neighbors
ballo,danza:0.6664693355560303 balli:0.6383979916572571 danzato:0.637996256351471 ballare:0.6328368186950684 danzare:0.6185650825500488 balletto:0.6020550727844238 ballerine:0.6015116572380066 danzar:0.6003539562225342 ballato:0.591365396976471 danze:0.5875685811042786 danzata:0.5861964225769043 coreografia:0.5852220058441162 danzal:0.5804006457328796 ballerini:0.5787051916122437 balla:0.5752636194229126 ballano:0.5733846426010132 danzati:0.5730997920036316 balletti:0.5682504177093506 danzate:0.5668363571166992 coreografato:0.5589097142219543 coreografare:0.55605548620224 coreografie:0.5534003376960754 danzano:0.5530933141708374 maggiodanza:0.5519832372665405 danzando:0.5505573749542236 balletta:0.5498626232147217 coreografico:0.5494053959846497 coreografica:0.549031674861908 coreografe:0.548655092716217 ballerin:0.5482279658317566 coreografi:0.5463883280754089 ballando:0.5416870713233948 coreografando:0.5406865477561951 coreografici:0.5368037819862366 danzan:0.5334836840629578 baldoria:0.5324657559394836 danzatori:0.5321981906890869 coreografati:0.5285684466362 danzanti:0.5276843309402466 danzava:0.527127206325531 balleto:0.5250479578971863 ballettistico:0.5250468254089355 coreografiche:0.5213936567306519 ballas:0.5205799341201782 coreografò:0.5191933512687683 coreografata:0.5149880051612854 pantomimi:0.5147598385810852 ballettistica:0.5129081010818481 carnevalesco:0.5112994909286499 danzatrici:0.510665237903595 ballola:0.5100653171539307 ballette:0.5073617696762085 pantomimica:0.5064306855201721 ballerino:0.5062352418899536 ballerino/a:0.505154013633728 coreograficamente:0.5051191449165344 carnevalesca:0.5046876072883606 danzante:0.5039953589439392 esibisse:0.5036008358001709 ballana:0.5032010078430176 balliett:0.5029513835906982 spogliarello:0.5016480088233948 danzerini:0.5011096596717834 bayadère:0.5006935596466064
