word,neighbors
banda,bande:0.6553977131843567 bandata:0.6217261552810669 ibanda:0.6000980734825134 sottobanda:0.5930319428443909 banda»:0.5542590022087097 bandato:0.5524927377700806 capobanda:0.5339430570602417 magliana:0.5310913324356079 capibanda:0.517175555229187 bandane:0.5113691091537476 sottobande:0.5058039426803589 contrabbanda:0.5012053847312927
