word,neighbors
bar,"shift:0.6816943287849426 fontsize:0.669971764087677 text:0.6404671669006348 till:0.6367812156677246 pointsize:0.6139496564865112 line,col:0.613652229309082 line,black:0.6028360724449158 $dx,$up:0.5891284346580505 at:0.5876597166061401 timeperiod:0.5872117280960083 line,colbeta:0.5862628221511841 $dx,$dy:0.579586386680603 powderblue:0.5790392160415649 line,white:0.5770407319068909 line,red:0.5766451358795166 $del:0.5729447603225708 ,$hx:0.5714449882507324 line,lighttext:0.5685499906539917 ,$dy:0.5648760795593262 _giorno:0.5629017353057861 $ord:0.5615285038948059 skyblue:0.5606401562690735 from:0.558359682559967 $start:0.5525120496749878 $dx,:0.5499048829078674 periodtop:0.5493376851081848 textcolor:0.5490414500236511 $width:0.5440579652786255 $a:0.5413629412651062 $markgreen:0.5408235788345337 $now:0.5404992699623108 shiftn:0.5385691523551941 luckyblue:0.5385568141937256 /$dayunknown/:0.5382806658744812 outsize:0.537962794303894 ,$height:0.537588894367218 darkgreen:0.5356663465499878 $left:0.5349469184875488 $dy:0.5330331921577454 $dayunknown:0.5318787097930908 bvocals:0.5315636396408081 period:0.531374454498291 $_:0.5304049849510193 $headerx,$headery:0.5255032777786255 start:0.5224645733833313 barcolor:0.5224269032478333 $right:0.5223665237426758 syears:0.52220219373703 $dx:0.5212258100509644 darkgray:0.5205581188201904 %width:0.5197544097900391 $end:0.518762469291687 width:0.5180466175079346 darktext:0.5169053077697754 anchor:0.5165408849716187 barwidth:0.5129842162132263 line,:0.5097951889038086 frompos:0.5088492631912231 $g:0.5087680816650391 %}}}width:0.50857013463974 durashift:0.5057523250579834 darkgrey:0.5017505884170532 imagesize:0.5009596943855286 soblue:0.5003554224967957 tillpos:0.5000333786010742"
