word,neighbors
baracca,baraccata:0.782963216304779 baraccato:0.7691134214401245 baraccano:0.7354369759559631 baraccati:0.7263664603233337 saracca:0.7025677561759949 baracca&burattini:0.6895704865455627 baraccamento:0.6649371385574341 baracchini:0.6536031365394592 baracchina:0.6498042345046997 baraccamenti:0.6370170712471008 baracche:0.6306285858154297 varacca:0.6250702738761902 baracchino:0.6246733665466309 baraccola:0.6146514415740967 paracca:0.6027888655662537 baraccus:0.5928789973258972 baracco:0.5893667936325073 baracconi:0.5828745365142822 baracchi:0.5723547339439392 caracca:0.5380129814147949 capanni:0.5376297831535339 sbaraccare:0.536427915096283 racca:0.5361949801445007 capanno:0.5282795429229736 piavoli:0.5122353434562683 barracca:0.5083750486373901 capannone:0.5029472708702087 baracconata:0.502627432346344 baraccone:0.501629114151001
