word,neighbors
baratto,barattoforza:0.7029743790626526 cuorbaratto:0.7020493745803833 baratti:0.6689890027046204 sbaratto:0.6643843054771423 baratta:0.657920241355896 barattolini:0.6549968123435974 barattini:0.6540915369987488 barattato:0.6504731774330139 barattoli:0.6448183059692383 barattolino:0.6333608627319336 barattolo:0.6294274926185608 barattata:0.6290004849433899 barattare:0.6276392340660095 barattano:0.6146500110626221 barattati:0.6105477809906006 barattani:0.6015021800994873 barattò:0.600644052028656 barattarla:0.5955722332000732 barattando:0.5912094712257385 barattin:0.5889343023300171 barattarli:0.5879640579223633 barattate:0.5812956094741821 barattarlo:0.5784497261047363 barattarna:0.5733214020729065 barattiero:0.5662674903869629 barattieri:0.5659160017967224 barattucci:0.5623329281806946 baratte:0.5581197142601013 compravendita:0.5557696223258972 baratteria:0.5523911714553833 barattavano:0.5482432246208191 barattiere:0.5442805290222168 cesaratto:0.5385019779205322 barattelli:0.532797634601593 maratto:0.5295998454093933 barato:0.5288780927658081 baratter:0.5259504318237305 acquisto/vendita:0.5125107169151306 compravendite:0.511401891708374 compravenduto:0.5109730958938599 sfrigolante:0.5089020133018494 caffaratto:0.5027189254760742
