word,neighbors
benda,bendare:0.6026211977005005 bendata:0.5938364267349243 bendano:0.5846753120422363 ebenda:0.574472188949585 bendarsi:0.5721881985664368 bendaggi:0.5535280108451843 bendall:0.5507065057754517 bendaggio:0.545006275177002 bendato:0.5446470975875854 cicatrice:0.5303174257278442 bende:0.5238193273544312 bendazac:0.5237590074539185 camice:0.522803008556366 bendate:0.5212979316711426 sciarpa:0.5036265254020691 bendahan:0.502190113067627 indossa:0.5008317232131958 maschera:0.5005702972412109
