word,neighbors
bilico,bilice:0.598099946975708 bilic:0.5622353553771973 bilici:0.5277822017669678
