word,neighbors
bordo,equipaggio:0.6597994565963745 abbordo:0.6306470036506653 nobordo:0.6032437086105347 sottobordo:0.5906996130943298 nave:0.5906010270118713 imbarcando:0.5850493907928467 babordo:0.573050856590271 imbarcare:0.5625417232513428 parabordo:0.561347246170044 imbarcate:0.5554785132408142 imbarcazione:0.5519981980323792 imbarcarlo:0.5514215230941772 pilotando:0.5482283234596252 navetta:0.5464525818824768 imbarcata:0.5448391437530518 imbarcati:0.5435073375701904 imbarcato:0.5431815981864929 imbarcava:0.5427238941192627 foto_equipaggio:0.5409651398658752 imbarcarla:0.5375490784645081 imbarcandosi:0.5364163517951965 passeggero:0.5362563133239746 tribordo:0.5348653793334961 navigatore/mitragliere:0.5345275402069092 imbarcano:0.5326569676399231 timoniera:0.5326530337333679 ammaraggio:0.5326431393623352 imbarca:0.5311740636825562 astronave:0.5309183597564697 scialuppa:0.5302728414535522 prua:0.5294631123542786 boccaporto:0.5293322801589966 navicello:0.5289295315742493 equipagio:0.5281453132629395 trasbordatore:0.5267198085784912 pilotano:0.5257200002670288 navicella:0.5255129337310791 controbordo:0.5253545641899109 fuoribordo:0.5244994163513184 attraccato:0.5232195258140564 imbarcatisi:0.522737443447113 senzabordo:0.522408127784729 trasportava:0.5214658975601196 ammarare:0.5210977792739868 imbarcarli:0.5206608772277832 appontaggio:0.5190871357917786 entrobordo:0.518326461315155 attracca:0.5167722702026367 imbarcandola:0.5161402225494385 portaveicoli:0.5157573223114014 imbarcasse:0.5137397646903992 gommone:0.5114827752113342 stiva:0.5109594464302063 imbarcarne:0.5106980800628662 sottocoperta:0.5105072855949402 dirigibile:0.5100982189178467 mesoscafo:0.5083875060081482 equipaggi:0.5069490671157837 avaria:0.5067946910858154 conveyor:0.5065688490867615 scialuppe:0.5057352185249329 poppa:0.5054758191108704 imbarcabile:0.5048983097076416 entrofuoribordo:0.5041049718856812 imbarcabili:0.501775860786438
