word,neighbors
botto,bottolo:0.6852578520774841 sbotto:0.6241865754127502 bottos:0.5989899039268494 albotto:0.5620157718658447 cibotto:0.5597276091575623 bottoglia:0.5531066656112671 robotto:0.5509649515151978 bottoli:0.5404340624809265 bottà:0.5149688720703125 balubino:0.5067198276519775
