word,neighbors
cambio,cambiogomme:0.6165142059326172 cambi:0.5648894309997559 retromarce:0.5498828291893005 cambiocorsa:0.546639621257782 marce+retromarcia:0.5449469685554504 cambiario:0.5370072722434998 cambio»:0.5367193222045898 rapporti+retromarcia:0.5356600284576416 concambio:0.5299108028411865 retromarcia:0.5292133092880249 contraccambio:0.5226275324821472 cambiari:0.5101606249809265 hewland:0.506705641746521 frizione:0.501956582069397 powerglide:0.5006674528121948 cambios:0.5002985000610352
