word,neighbors
cancello,cancelli:0.743320643901825 cancellone:0.7385032773017883 ricancello:0.7184225916862488 cancello–avellino:0.7010456323623657 autocancello:0.6470734477043152 cancellino:0.6457657217979431 cancelloni:0.6252774596214294 cancell:0.6180967688560486 cancellomania:0.6119666695594788 cancelle:0.6011175513267517 portone:0.593484103679657 cancelletto:0.5860844850540161 cancelllare:0.5781151056289673 cancelllazione:0.5456390380859375 cancellzione:0.5381988286972046 cancelato:0.5347427725791931 fancello:0.5319991707801819 cancelletti:0.531104326248169 cancelliate:0.528982937335968 cancellofobia:0.5277669429779053 cancellamo:0.5225711464881897 guncello:0.5195895433425903 cancelata:0.5159732699394226 cancellerai:0.5158708095550537 portoncino:0.5114157795906067 cancellammo:0.5113297700881958 porticino:0.5084590315818787 cortiletto:0.5080329775810242 cancellite:0.5075957775115967 varco:0.5057556629180908 scannatoio:0.5036624073982239 spotless:0.5024281144142151
