word,neighbors
cane,cani:0.7102692127227783 cagnolino:0.6584769487380981 levriero:0.6363816261291504 randagio:0.6244536638259888 cucciolo:0.6022200584411621 maialino:0.6022109389305115 abbaia:0.596176266670227 abbaiato:0.5856482982635498 abbaiatore:0.5812175869941711 cucciolino:0.5807139873504639 gatto:0.5690697431564331 lupo:0.5686805844306946 cucciolone:0.5642401576042175 furetto:0.5576004385948181 schnauzer:0.5565048456192017 abbaiante:0.5560064911842346 scodinzolante:0.5559961199760437 cagnolina:0.5558434128761292 gattino:0.5555127263069153 segugio:0.5549111366271973 coniglio:0.5532439947128296 cucciola:0.5528386235237122 abbaiava:0.5513333678245544 molossoide:0.5478487014770508 cagnolone:0.5455592274665833 canile:0.545224666595459 terrier:0.5433281064033508 mannaro:0.5426639318466187 grassottello:0.5412006378173828 scodinzola:0.5385826230049133 abbaiare:0.5377995371818542 addomesticato:0.5358965992927551 mastino:0.5346306562423706 conigliomannaro:0.5333314538002014 scodinzolare:0.5330991744995117 levrieri:0.5328535437583923 animaletto:0.5308471322059631 topo:0.5292780995368958 canina:0.5274898409843445 cucciolotti:0.5270592570304871 bovaro:0.5257969498634338 padroncino:0.525710940361023 affamato:0.5250542759895325 levriera:0.5231009125709534 levriere:0.5230569839477539 molossoidi:0.522355854511261 procione:0.5194095969200134 maiale:0.5191763639450073 pastore:0.5168334245681763 cagnolini:0.5166206955909729 coniglietto:0.5160191059112549 cerbiatto:0.5155494809150696 bassotto:0.5153674483299255 puledro:0.514962911605835 omiciattolo:0.5139155983924866 abbaio:0.5138894319534302 cuccio:0.5129542946815491 grassoccio:0.5123404860496521 addomesticarlo:0.5119475722312927 mucca:0.511365532875061 abbaiano:0.5110726356506348 fratellino:0.510711133480072 antropomorfo:0.5107035636901855 abbaiando:0.5097004175186157 grassotto:0.5092105865478516 catdog:0.5083778500556946 canis:0.5081493258476257 maialina:0.5072174072265625 allevatore:0.5067073702812195 guinzaglio:0.5065932273864746 scimmietta:0.5065128207206726 rottweiler:0.5042351484298706 coniglia:0.5036117434501648 scodinzolando:0.5026527643203735 dogue:0.5017005801200867
