word,neighbors
cantina,cantine:0.754227876663208 cantinato:0.7028374075889587 cantinando:0.6662814617156982 scantinato:0.6642268300056458 cantino:0.6315709352493286 cantiniera:0.6234347224235535 scantinati:0.6154899001121521 pescantina:0.6038281917572021 stalla:0.6023195385932922 seminterrato:0.6011921167373657 cantinella:0.5970243811607361 cantinelle:0.5951849818229675 soffitta:0.5897458791732788 seminterrata:0.5814540386199951 fienile:0.5793650150299072 cantinetta:0.5757501721382141 abitazione:0.5669956803321838 enoteca:0.5618579983711243 capannone:0.5565832853317261 seminterrate:0.5554505586624146 frantoio:0.5541703104972839 cantinelli:0.5492891073226929 cantiniere:0.5451396107673645 panificio:0.5447078347206116 granaio:0.5432553887367249 caseificio:0.5399488210678101 vinicola:0.535778284072876 seminterrati:0.5352813005447388 capanno:0.5342358350753784 macelleria:0.5338961482048035 cantini:0.5326390266418457 sgabuzzino:0.5314794778823853 cantine_:0.5309319496154785 cantin:0.5303860902786255 casetta:0.5267605781555176 ripostiglio:0.5246776938438416 alicantina:0.524421751499176 vinicoli:0.5239819288253784 lavanderia:0.522130012512207 cantinone:0.521354615688324 cantinieri:0.5202522873878479 magazzino:0.5193784236907959 vinicolo:0.5177456736564636 vinifica:0.5168183445930481 casupola:0.5160010457038879 mattatoio:0.5154036283493042 fornacella:0.5134871006011963 soffittatura:0.5125532150268555 frigorifera:0.5123728513717651 sottoscala:0.5122225284576416 imbottiglia:0.510530948638916 birreria:0.5093840956687927 aranciaia:0.5074630975723267 casolare:0.5072060227394104 botola:0.5071967840194702 vino:0.5056408047676086 torchio:0.5050875544548035 osteria:0.5045653581619263 portineria:0.504173219203949 svuotacantine:0.5039216876029968 #cantina:0.5026361346244812 torrefatti:0.5026113986968994 orinatoio:0.502593994140625 linificio:0.502348780632019 cassaforte:0.5023128390312195 imbottigliano:0.502046525478363 ghiacciaia:0.5020438432693481 distilleria:0.5016703605651855 locanda:0.5002054572105408
