word,neighbors
capo,",capo:0.638629138469696 vicecapo:0.6140304207801819 capi:0.592034101486206 sottocapo:0.5507532954216003 comandante:0.5467361211776733 comandandante:0.5433748960494995 °comandante:0.5213354229927063 comandanto:0.5195208191871643 capospartivento:0.5171429514884949 comandanta:0.5165612697601318 vicecapi:0.5142829418182373 sottocomandante:0.5125381350517273 vice:0.5072440505027771 vicecomandante:0.506554126739502 aiutante:0.5016733407974243"
