word,neighbors
capra,pecora:0.6002271771430969 silvicapra:0.5654346346855164 antilocapra:0.5550121068954468 rupicapra:0.5537794828414917 capretto:0.5517731308937073 sylvicapra:0.5467743873596191 gallina:0.5444772243499756 caprina:0.5433763265609741 capr:0.5425169467926025 cervicapra:0.5366533398628235 capre:0.5292717814445496 caprin:0.5277443528175354 capra»:0.5238648653030396 procapra:0.5168589353561401 caprette:0.5161868333816528 capretta:0.514695405960083 capretti:0.5138570070266724 caprini:0.5125287771224976 caprine:0.5115628838539124 hircus:0.5086254477500916 numidocapra:0.5055803656578064
