word,neighbors
caro,carissimo:0.6105303764343262 rivolgo:0.5281871557235718 amico:0.5202524662017822 gentilissimo:0.5148958563804626 sarà/:0.5141821503639221 cari:0.5060971975326538 mio:0.5051583647727966 associo:0.5013254284858704 ringraziarti:0.5008402466773987 conflittatissimo:0.5000529289245605
