word,neighbors
carota,carote:0.7161616086959839 carot:0.6942163109779358 carotaggio:0.6181746125221252 carotina:0.6178898215293884 marota:0.5944777727127075 patata:0.5812948346138 carotte:0.5802552700042725 carotaggi:0.576699435710907 peperone:0.5677950978279114 sarota:0.5647490620613098 carotico:0.5646427869796753 cetriolino:0.560740053653717 caroti:0.5591326355934143 caroto:0.5578219890594482 bonarota:0.5562145709991455 bagnarota:0.5511165857315063 spaccarotella:0.5506589412689209 cetriolo:0.5501248240470886 cetriolini:0.5488286018371582 carotatore:0.5461474061012268 buccia:0.5436264276504517 barbabietola:0.543118417263031 peperoni:0.5406944155693054 pisellino:0.5356873869895935 cavolfiore:0.5353204607963562 sbuccia:0.5339345932006836 bietolone:0.5318264365196228 prezzemolina:0.5316260457038879 cetrioli:0.5309365391731262 erborinatura:0.530820906162262 babbuccia:0.5286247730255127 bietola:0.5282354950904846 barbabietole:0.5255600810050964 cipolle:0.5241295099258423 caroteni:0.5223119258880615 carotieri:0.5214619040489197 lessatura:0.5210811495780945 cavolfiori:0.5207480192184448 salsapariglia:0.5204195976257324 patato:0.5192318558692932 garota:0.5192035436630249 lessato:0.5176541209220886 melanzana:0.5173348784446716 besciamella:0.5167940855026245 insaporimento:0.516767680644989 lessata:0.5165940523147583 lattugaccio:0.5165737867355347 capperone:0.5158751010894775 insalata:0.5151278972625732 insaporita:0.5148133039474487 ortaggio:0.5144412517547607 piselli:0.5125695466995239 insaporitore:0.5121282339096069 fragoletta:0.5114096403121948 sedano:0.5105424523353577 caramella:0.5102711915969849 patatas:0.5101597309112549 peppola:0.509278416633606 bietole:0.5087887048721313 insaporito:0.508141815662384 peperoncino:0.5077168345451355 sbucciata:0.507662296295166 peperonata:0.5073408484458923 insaporite:0.5071812272071838 carotone:0.5071253180503845 minestra:0.5062756538391113 spinaci:0.5059135556221008 capperi:0.5058419704437256 macinata:0.5053058862686157 pisello:0.5052001476287842 fagiolini:0.5051823258399963 sughetto:0.5048832893371582 macinatura:0.5048364400863647 melassa:0.5047658681869507 grattugiata:0.5046849846839905 spinacio:0.5045382380485535 prezzemolo:0.5033285021781921 prezzemolino:0.5032939314842224 fagiolino:0.5029210448265076 mezzarota:0.5026760101318359 lattuga:0.5026156902313232 zucchina:0.5016761422157288 fiordilatte:0.5004212856292725
