word,neighbors
cassa,risparmio:0.6586989164352417 casse:0.6322315335273743 carisparmio:0.6230992674827576 semicassa:0.5580496788024902 banca:0.5580213665962219 artigiancassa:0.5567488670349121 malfacassa:0.5539383888244629 marcassa:0.5422050356864929 risparmio»:0.5342148542404175 inarcassa:0.5327072739601135 #risparmio:0.5213486552238464 cassapanca:0.5076187252998352 cassapanche:0.5035893321037292
