word,neighbors
circuito,notecircuito:0.8268516063690186 circuiti:0.77552330493927 #circuito:0.7521973252296448 circuita:0.7488664984703064 microcircuito:0.7396974563598633 circuitu:0.73683762550354 circuitare:0.7014748454093933 circuitando:0.6979500651359558 circuitale:0.6875377893447876 circuitazione:0.6784998774528503 circuitismo:0.6711278557777405 circuitista:0.6690144538879395 circuitali:0.6555929183959961 circuitry:0.6473749279975891 circuits:0.6455840468406677 circuiterie:0.6291720867156982 cortocircuito:0.6116361618041992 microcircuiti:0.595697283744812 circuiteria:0.5836465358734131 francorchamps:0.5751047730445862 circuit:0.5707175731658936 motodrom:0.5673365592956543 autodromo:0.5663777589797974 aerautodromo:0.5644133687019348 autodrome:0.5572477579116821 nanocircuiti:0.542317807674408 tracciato:0.5388071537017822 cuito:0.5379933714866638 nürburgring:0.5379064083099365 silverstone:0.5355188250541687 kartodromo:0.5303109884262085 autodromi:0.5299320816993713 automotodrom:0.52631676197052 ircuit:0.5134778618812561 nurburgring:0.512806236743927 losail:0.5120601654052734 miniautodromo:0.511962890625 hockenheimring:0.5050761103630066 cortocircuiti:0.5048261880874634 kyalami:0.5041607022285461
