word,neighbors
corte,cassazione:0.6165897846221924 corti:0.6069521307945251 assise:0.5750807523727417 suprema:0.559352695941925 sentenza:0.5534744262695312 cassazioni:0.5454898476600647 tribunale:0.5384304523468018 appello:0.5360291600227356 cancelleria:0.5201458930969238 secorte:0.5191270112991333 corte»:0.5138925909996033 costituzionale:0.5011387467384338 udienze:0.500098466873169
