word,neighbors
costa,coste:0.6203872561454773 rica:0.5912982821464539 costiera:0.5857800245285034 zacosta:0.5579822659492493 litorale:0.5434303283691406 baia:0.5328139066696167 spiaggia:0.5234999060630798 porto:0.5189857482910156 litorali:0.5159547924995422 insenatura:0.5119702816009521 costieri:0.5114225745201111 tirrenica:0.5104350447654724 sottocosta:0.5102143287658691 costiere:0.507975161075592 congocosta:0.506005048751831 litoranea:0.5028887391090393 adriacosta:0.5016841888427734
