word,neighbors
costanza,constanza:0.6472633481025696 costanze:0.6386148929595947 └──>costanza:0.635521411895752 gostanza:0.6147486567497253 costanza»:0.6112120151519775 costanzana:0.610419511795044 costanzia:0.5726714730262756 costanzi:0.5619569420814514 costanziaco:0.5533502101898193 costanziano:0.5475599765777588 costanzio:0.5442930459976196 abbanstanza:0.5434297323226929 ștefania:0.5400331616401672 costana:0.5341843366622925 svevia:0.5338802337646484 costanzelli:0.5329564213752747 taddea:0.5250365138053894 costancia:0.5231832265853882 costantia:0.518229067325592 incostanza:0.5159962773323059 grancontessa:0.513856828212738 ├─>eleonora:0.5136103630065918 costan:0.5126867294311523 teodorina:0.5091933012008667 instanza:0.505664587020874 constanze:0.5041915774345398 ermengarda:0.5034373998641968 berengaria:0.5032937526702881 tiszabercel:0.500156819820404
