word,neighbors
cupido,cupidone:0.7998542189598083 recupido:0.7611656785011292 cupidon:0.7359059453010559 cupida:0.6762092709541321 cupidi:0.6416183114051819 satiro:0.5969583988189697 putto:0.5903878808021545 cupiditas:0.5874424576759338 cupidine:0.585597038269043 danae:0.5827963948249817 atteone:0.5756911635398865 proserpina:0.5741063952445984 endimione:0.573329746723175 afrodite/venere:0.5710645914077759 amorino:0.5691403150558472 amorini:0.5652964115142822 baccanale:0.563235878944397 sileno:0.5587797164916992 tersicore:0.555678129196167 cupids:0.552539050579071 bacco:0.5514206290245056 galatea:0.548898458480835 erinni:0.545697033405304 giunone:0.5453529357910156 deianira:0.5445386171340942 cupidinis:0.5421058535575867 venere:0.5393425822257996 fetonte:0.5372806191444397 tersicorea:0.5357633829116821 cupid:0.5354358553886414 ianira:0.533189058303833 ashmolean_venus_adonis:0.5326128602027893 proserpinaca:0.5309872031211853 priapo:0.530481219291687 callipige:0.5303955078125 pallade:0.5294184684753418 vertumnus:0.5273317694664001 adone:0.5255650877952576 laocoonte:0.5238133072853088 cupidatat:0.5233619213104248 callipigia:0.523070752620697 nemeo:0.5219675898551941 procri:0.5211743712425232 afrodite:0.5206756591796875 anfitrite:0.5203413963317871 faone:0.519385814666748 bacchiacca:0.5192574858665466 cupidigie:0.51908940076828 alcmena:0.5171560645103455 medoro:0.5169296860694885 satiri:0.5153065919876099 didone:0.5142675638198853 marsia:0.513483464717865 crisotemide:0.513116717338562 angioletto:0.5124165415763855 ganimede:0.5121577978134155 cleopazzo:0.5119169354438782 gemendo:0.5110815763473511 dejanira:0.5106549859046936 baccanal:0.5105693340301514 botticelli:0.5097628235816956 allegoria:0.5079439878463745 innamoratissimo:0.5075520873069763 reggicorona:0.5061220526695251 angioletta:0.504313051700592 vertumno:0.5042678117752075 amorina:0.5038143992424011 chimena:0.5036388039588928 putifarre:0.5025476813316345 o/rame:0.5024768710136414 dipintovi:0.5012961030006409 pasifae:0.5010958909988403
