word,neighbors
dama,damigella:0.5945426821708679 madamigella:0.5710998773574829 gentildonna:0.5607900023460388 damigelle:0.5317766070365906 fanciulla:0.5305889844894409 paggio:0.5268277525901794 contessa:0.5261982083320618 cortigiana:0.5061314702033997
