word,neighbors
delfinario,delfinari:0.8545871376991272 delfinale:0.6974667906761169 delfinia:0.6236479878425598 delfine:0.6185207962989807 delfino³:0.6172800660133362 delfinado:0.6111286282539368 delfinio:0.5970869064331055 delfinato:0.5963199734687805 delfina:0.5777230858802795 delfinide:0.5652577877044678 delfini/fabbri:0.5627278089523315 delfinul:0.5562728643417358 delfinone:0.5558047890663147 —•:0.5527262687683105 ♌:0.5524176955223083 delfinidi:0.550652027130127 delfin:0.5426250696182251 ☮&♥:0.5422223210334778 delfines:0.5368754267692566 ✠:0.5357403755187988 timiotatongenos:0.5334201455116272 の言:0.5267128348350525 ★m:0.524013340473175 lagenodelfino:0.5237811803817749 >☎:0.5220644474029541 vecormàntaye‘:0.5203063488006592 だってばよ:0.5149618983268738 delfinoni:0.5143117308616638 zombieontheroad:0.5141750574111938 delfinese:0.5109802484512329 delfini:0.5098657011985779 cormàren‘:0.5087366700172424 ¿msg:0.5070812106132507 tursiops:0.5067226886749268 daviboz:0.5063207745552063 ωαяи:0.5020608305931091 delfinello:0.5007973313331604 delfino:0.5007213354110718 queenyzoe:0.5006037950515747
