word,neighbors
dito,dita:0.7146950960159302 pollice:0.6805570721626282 mignolo:0.6163530945777893 alluce:0.6069269776344299 polpastrello:0.6061251759529114 metatarso:0.5866654515266418 piede:0.5814602375030518 metacarpo:0.577948272228241 polpastrelli:0.5772983431816101 unghie:0.5768781304359436 guancia:0.5673553943634033 collo:0.558986246585846 unghia:0.5575384497642517 ditone:0.5563607811927795 metatarsale:0.5530334711074829 polso:0.5522262454032898 femore:0.5478923320770264 metacarpale:0.5474976897239685 caviglie:0.5471892952919006 artiglio:0.5451265573501587 metatarsi:0.5446948409080505 metatarsali:0.5434349775314331 tarsometatarso:0.5361129641532898 piegato:0.534594714641571 metacarpi:0.5315940380096436 tibia:0.5315927863121033 orecchio:0.5312557816505432 polpaccio:0.531039297580719 falangee:0.5287889242172241 clavicola:0.5253270864486694 scafoide:0.5237267017364502 clavicolare:0.5234297513961792 falangetta:0.5229052901268005 succhiapollice:0.5214251279830933 zampe:0.5188334584236145 ditale:0.5187777280807495 affilato:0.5178192853927612 dito»:0.5151459574699402 mascella:0.512539267539978 costole:0.5102694630622864 metacarpali:0.5098173022270203 palmo:0.5096234083175659 falangeo:0.5081957578659058 tasta:0.5031501650810242 coccige:0.5017362236976624 mento:0.5015621185302734 ginocchia:0.5009105205535889
