word,neighbors
equino,equina:0.7088286876678467 equini:0.7034468054771423 equinismo:0.6601130962371826 suino:0.6536732912063599 ovino:0.6444262266159058 bovini:0.6300032138824463 equine:0.6287522912025452 bovino:0.6228403449058533 ovini:0.6149107217788696 sequino:0.605874240398407 equinus:0.6054222583770752 caprine:0.5705033540725708 asino:0.5676655769348145 suina:0.5660033226013184 suini:0.5583391189575195 ovibovini:0.5556939244270325 ovinio:0.5555188655853271 suinello:0.5518140196800232 cavallo:0.5479090213775635 ovina:0.546028196811676 caprini:0.5459921956062317 animale:0.5450857877731323 ovicaprini:0.5444226861000061 maiale:0.543018639087677 pecora:0.5404175519943237 addomesticamento:0.5374709367752075 equide:0.536939263343811 equinumerosi:0.5355620384216309 numidocapra:0.5336785912513733 addomesticazione:0.5311033725738525 mammella:0.5301833152770996 mammellone:0.5280014276504517 suine:0.527836263179779 bestiame:0.5276799201965332 bovina:0.5258220434188843 suinicolo:0.5246953368186951 bovine:0.5230600237846375 tricobezoario:0.5209164619445801 pubico:0.5191914439201355 mucca:0.5185961723327637 capre:0.5176224708557129 ruminanti:0.5158113241195679 montone:0.5156421065330505 suinicoli:0.5153876543045044 bue:0.5135217905044556 camoscio:0.5127596855163574 addomesticato:0.5120692253112793 caciocavalli:0.5113817453384399 ruminale:0.5103623867034912 cavallirio:0.5097899436950684 vitello:0.509370744228363 selvaggina:0.509195864200592 giumenta:0.5091292262077332 cinghiale:0.5089070200920105 catarrina:0.5058786273002625 addomesticata:0.5057640671730042 giumento:0.5057161450386047 asini:0.5055299997329712 montonina:0.5055238008499146 equirria:0.5053684115409851 caciocavallo:0.5047398209571838 zoppìa:0.5032041072845459 aiale:0.503193736076355 addomesticabile:0.502799391746521 ungulato:0.5021599531173706 mucormicosi:0.5014557838439941 cinghiolo:0.501039445400238 sovrapubico:0.5009943246841431 capretto:0.500504732131958 montonico:0.5003851056098938
