word,neighbors
faccia,facciazza:0.6251973509788513 facciano:0.5859522819519043 faccie:0.577572762966156 faccino:0.5738897323608398 facciaccia:0.5718746185302734 faccina:0.5691429376602173 guancia:0.5676390528678894 faccia»:0.5669804215431213 facce:0.5493425130844116 facccio:0.5452658534049988 pancia:0.5432604551315308 faccetta:0.5384401082992554 rifaccia:0.5348866581916809 farebbe:0.5307308435440063 senzafaccia:0.5175499320030212 facessi:0.5169905424118042 spiaccicata:0.5169693231582642 incavolo:0.5144201517105103 sbatta:0.5141414403915405 sporga:0.5140135884284973 ritorcerebbe:0.5138267278671265 spiaccicato:0.5131216049194336 facci:0.5119454264640808 capisca:0.5111096501350403 grinza:0.5097643136978149 aspettino:0.5071171522140503 colpetto:0.5061851143836975 arrabbiarti:0.5049965977668762 viso:0.5047944784164429 spiaccica:0.5047153830528259 sopraccigliare:0.5040451884269714 infastidisca:0.5033696889877319 smetta:0.5028463006019592 dispiaccia:0.5024742484092712 appiattirlo:0.5022262334823608 guardargli:0.502125084400177 sternale:0.5013380646705627 impallidisce:0.5011933445930481
