word,neighbors
fame,"hall:0.6500492095947266 fame#:0.6143903136253357 fame,:0.60594642162323 fames:0.5963734984397888 fame»:0.5815151333808899 famers:0.5646046996116638 famer:0.5607123970985413 fameck:0.5297185182571411 famel:0.5282266736030579 famed:0.5158092975616455 famei:0.5133004784584045"
