word,neighbors
foca,phoca:0.5334439277648926 niceforo:0.5159319043159485 foche:0.5131904482841492 eraclio:0.506615936756134
