word,neighbors
folle,folle»:0.6105105876922607 pazzo:0.5869659781455994 impazziva:0.5535114407539368 pazzia:0.5468844771385193 follia:0.5451049208641052 folli:0.5442073941230774 follen:0.5407773852348328 impazzito:0.5381903052330017 follero:0.529576301574707 assetato:0.5243312120437622 folley:0.522513747215271 impazzita:0.5172670483589172 irrefrenabile:0.5152706503868103 follet:0.5134017467498779 impazzirò:0.5116888284683228 spietato:0.5112225413322449 crudele:0.5095769762992859 impazzisse:0.5092609524726868 megalomane:0.5089960694313049 impazza:0.5073975920677185 ossessionante:0.5061393976211548 pazza:0.5053994655609131 inferocito:0.5053918957710266 folla:0.5015067458152771 ossessionato:0.5013654232025146
