word,neighbors
fonte,fonti:0.6309860944747925 attendibile:0.6162031888961792 autorevole:0.5538277626037598 americanfootballitalia:0.5534691214561462 mojgorod:0.5488858819007874 fontile:0.5453054308891296 elaborazione:0.5390530228614807 fonte»:0.5307149291038513 attendibilita:0.5268330574035645 +fonte:0.5256714820861816 attendibili:0.5256016254425049 intendibile:0.5251614451408386 fonticine:0.5210307836532593 battesimale:0.5197991132736206 fonta:0.5193378925323486 fonte/i:0.5140145421028137 com/gallery/azzurri/testine:0.5091885328292847 attendibilissima:0.5061710476875305 fonticina:0.5018888711929321 autorevolissima:0.5018318891525269 inattendibile:0.5018142461776733
