word,neighbors
forma,forme:0.6292908787727356 rotondeggiante:0.590913712978363 tondeggiante:0.5891133546829224 cilindrica:0.5792561173439026 fusoidale:0.5736595392227173 ovoidale:0.5704246163368225 oblunga:0.5626097917556763 cuboidale:0.5582641959190369 elissoidale:0.5568586587905884 conica:0.5563207864761353 allungata:0.5539500713348389 obpiramidale:0.5533819198608398 romboidale:0.5526302456855774 caratteristica:0.5514211654663086 discoidale:0.5505114793777466 rotoidale:0.549213707447052 subcircolare:0.5481371283531189 conformazione:0.5465898513793945 subcilindrica:0.5434286594390869 pseudoesagonale:0.543147623538971 trapezoedrica:0.542362630367279 sferica:0.541774570941925 appuntita:0.5383200645446777 oblungo:0.5368250012397766 ellissoidale:0.536787748336792 conforma:0.5366458296775818 troncopiramidale:0.5318298935890198 romboedrica:0.5310790538787842 subtrapezoidale:0.5306161642074585 monoidale:0.5269188284873962 esagonale:0.5261962413787842 sigmoidale:0.5260826349258423 postdiscoidale:0.525519073009491 bipiramidale:0.5254784226417542 planispirale:0.524449348449707 trigonale:0.5241101384162903 trapezoidale:0.5212395787239075 triangolare:0.5208784937858582 appiattita:0.5204300284385681 assomiglianza:0.5192708969116211 rotondeggianti:0.5190446972846985 ellittica:0.5182061791419983 subtriangolare:0.5154961943626404 grossolanamente:0.5154872536659241 spiraleggiante:0.5143882036209106 cubica:0.5141655802726746 rassomiglianza:0.5135606527328491 rombica:0.5134809017181396 obconica:0.5095763802528381 conoidale:0.5090775489807129 tetragonale:0.5087053775787354 cnoidale:0.5078608393669128 circolare:0.5078307390213013 appuntite:0.5078135132789612 appiattite:0.5074800252914429 tondeggianti:0.5071402788162231 eptagonale:0.5071336030960083 conico:0.5070924758911133 semiesagonale:0.5070695877075195 ovale:0.5069704651832581 caratteristicamente:0.5059523582458496 sfericamente:0.5058581829071045 biconica:0.5045546889305115 ditetragonale:0.5042279958724976 cirtoconica:0.5038228631019592 arrotondata:0.5037184953689575 struttura:0.5018895268440247 convessa:0.5018235445022583 vagamente:0.5013078451156616 pentagonale:0.500551700592041 affusolata:0.500499427318573
