word,neighbors
foro,fori:0.6549820899963379 olitorio:0.5710616111755371 traianeo:0.5638387203216553 boario:0.5617740750312805 domizianeo:0.5422431826591492 colosseo:0.539260983467102 traianei:0.5382254123687744 capitolium:0.535539984703064 vestibulum:0.5332610011100769 orifizio:0.5261684656143188 perforo:0.52336186170578 traianea:0.5219320058822632 publicio:0.5218890905380249 campidoglio:0.5190896391868591 raudusculana:0.518984854221344 fornice:0.5183461904525757 biforo:0.5159429907798767 sfenopalatino:0.5135942697525024 criptoportico:0.5135427713394165 augusteo:0.5135356783866882 traiano:0.5135273933410645 cloacina:0.5112335085868835 tubicino:0.5107904076576233 adrianeo:0.5105109810829163 domizianea:0.5102274417877197 cellomaio:0.5099120736122131 anfiteatro:0.5098832249641418 esquilino:0.5091710686683655 sacellum:0.508043646812439 ostio:0.5074760913848877 cloacale:0.5073730945587158 esedra:0.5073674321174622 cloache:0.5072745680809021 porticus:0.50644451379776 domizianei:0.5062451362609863 cloaca:0.5045148134231567 clivus:0.5028307437896729 boarium:0.502732515335083 forame:0.5026117563247681 neroniano:0.5019562840461731
