word,neighbors
fune,tiratore:0.6164788603782654 funi:0.5275638699531555 refune:0.5096438527107239 trave:0.500791609287262
