word,neighbors
gallo,cedrone:0.5439171195030212 gallozia:0.5333656072616577 galloro:0.5143526196479797 pergallo:0.5116726160049438 vergallo:0.5114659667015076 appenzello:0.5076037049293518 pizzigallo:0.506663978099823 canegallo:0.505890965461731 bergallo:0.5000374913215637
