word,neighbors
gallone,galloni:0.761123776435852 gallon:0.7235909104347229 galloncino:0.71052086353302 galloncini:0.7016689777374268 gallonia:0.6696319580078125 allone:0.6675345301628113 gallonio:0.6569600105285645 gallons:0.6454768180847168 callone:0.6068496108055115 mallone:0.5795365571975708 gallonato:0.577915370464325 ballone:0.573376476764679 fallone:0.5729817748069763 galloniano:0.568248450756073 caballone:0.5593323707580566 giallone:0.550352156162262 carmine:0.5454480648040771 righelli:0.5451260805130005 bugallon:0.5350708365440369 rivallone:0.5317104458808899 spallone:0.5313893556594849 cavallone:0.5311862230300903 magallon:0.5128533244132996 martuccio:0.5079408884048462 mastrocinque:0.5067126154899597 cardone:0.5050919055938721 palermi:0.5045769214630127
