word,neighbors
germe,germinoma:0.5467286705970764 germen:0.5440360307693481 germicida:0.5387833714485168 infettante:0.5314080119132996 germinazione:0.5301272869110107 germer:0.5296432971954346 plasmodio:0.5278453230857849 embrionario:0.5261820554733276 disgerminoma:0.5239546298980713 germinare:0.5209141373634338 germina:0.5197167992591858 germoglio:0.519006073474884 virulento:0.5170757174491882 plasmodium:0.5168583393096924 embrione:0.5162277221679688 germinans:0.5161513686180115 virulente:0.5110296607017517 germogliazione:0.5107333660125732 sinciziale:0.5102574229240417 embrionaria:0.5097194910049438 germogliare:0.5094916224479675 germinando:0.5084401965141296 inoculazione:0.5084102749824524 germino:0.5082274079322815 germia:0.5071204900741577 germinio:0.5064561367034912 estirpatore:0.5060267448425293 inoculo:0.5056111216545105 microrganismo:0.5052950382232666 germogliata:0.5049150586128235 germogliato:0.5047879815101624 cicatrizzante:0.5040252208709717 virulenza:0.5038396120071411 extraembrionale:0.5025339722633362 protipoterio:0.5024181604385376 totipotente:0.5015449523925781 inestirpabile:0.501522958278656 antitetanica:0.5009185075759888 falciparum:0.5003203749656677 amastigote:0.5001487135887146
