word,neighbors
gesta,eroiche:0.6532215476036072 narrano:0.5904477834701538 narrando:0.5892008543014526 narrate:0.5794926881790161 gloriose:0.5729408860206604 epiche:0.5723453760147095 normannorum:0.5607511401176453 anglorum:0.555898129940033 vicende:0.5555484294891357 historiæ:0.5500673651695251 andegavorum:0.5492366552352905 narrazioni:0.5491844415664673 narra:0.5483542084693909 leggendarie:0.5461766719818115 raccontate:0.5461744666099548 fjugesta:0.5447379350662231 consulum:0.5437077879905701 danorum:0.5422965288162231 narrava:0.5404806733131409 andegavensium:0.5390355587005615 virdunensium:0.5383975505828857 gestae:0.5373197197914124 eroicomiche:0.5358697772026062 engolismensium:0.5355977416038513 gemblacensium:0.5354520082473755 epopee:0.5353538990020752 genealogiae:0.5322028398513794 cameracensium:0.5317762494087219 rinarrano:0.5315924286842346 narrare:0.5313093066215515 barcinonensium:0.5310539603233337 gestarum:0.5302229523658752 prodezze:0.5292016863822937 cronachistiche:0.5284772515296936 agiografie:0.5282781720161438 regum:0.5278825759887695 epici:0.5264468789100647 senensium:0.5245137810707092 narrata:0.5241961479187012 norwagiensium:0.5234376192092896 raccontategli:0.5214946269989014 raccontano:0.5208778381347656 memoriæ:0.5186734199523926 ghisnensium:0.5170977711677551 francorum:0.5158423781394958 regesta:0.5150861740112305 chronici:0.5144639611244202 mediolanensium:0.5134268999099731 narravano:0.5133975148200989 eroici:0.5126398205757141 annorum:0.5125432014465332 genuensium:0.5114455819129944 leodiensium:0.5112491846084595 lucensium:0.510374128818512 cavensium:0.5102434158325195 pistoriensium:0.509858250617981 flodoardi:0.5096391439437866 trudonensium:0.50935959815979 narrar:0.5081082582473755 eroico:0.5078551173210144 historiae:0.5071707963943481 estensium:0.5067629218101501 chronica:0.5064142346382141 vallensium:0.5047565698623657 chronicæ:0.504220724105835 imprese:0.5041719675064087 comitum:0.5034636855125427 epico:0.5026050806045532 cronache:0.5024549961090088 narrandone:0.5019558072090149 guerresche:0.5019123554229736 flodoardo:0.5010087490081787 britannorum:0.5003598928451538 buloniensium:0.5002807378768921
