word,neighbors
gettone,gettoni:0.7913284301757812 gettoni»:0.6400030851364136 gettoniera:0.6200138926506042 gettonato:0.6027496457099915 poggettone:0.5806657075881958 mettone:0.5601764917373657 gavettone:0.5521771311759949 gettonata:0.545957624912262 gaettone:0.5307998657226562 fettone:0.5300918817520142 brettone:0.5269654989242554 gettonati:0.5226826667785645 prepagato:0.5192996263504028 gettonate:0.5169610381126404 forchettone:0.5151978135108948 bigliettoni:0.5132810473442078 bacchettone:0.5114595890045166 cariettone:0.5052635669708252 monetine:0.5050581693649292 biglietto:0.5039982199668884 bettone:0.5012182593345642
