word,neighbors
ghianda,ghiande:0.7835676670074463 ghiandifero:0.7363196015357971 ghiandifera:0.7335858345031738 ghiandaia:0.7308168411254883 ghiandaie:0.7228209972381592 ghiandi:0.7101197242736816 ghiandiferi:0.6845811605453491 ghiandolino:0.6630836725234985 ghiandola:0.6281057000160217 ghiandolosa:0.6221987009048462 ghiandoloso:0.6093484163284302 ghiandole:0.604533851146698 ghiandone:0.595045268535614 ringhiando:0.5857152938842773 ghiandolosi:0.5810733437538147 ghiandolare:0.5771729946136475 ghiandolose:0.5762409567832947 fantastighiandola:0.5611386895179749 ghiana:0.5586102604866028 puzzola:0.5519213676452637 ramoscello:0.5391132235527039 pappagallina:0.5355326533317566 grugni:0.5327861905097961 donnola:0.5323060154914856 ghiandolari:0.5303500890731812 nocciolaia:0.5292844772338867 uccelletto:0.5291646718978882 beccospino:0.5275837779045105 ciàula:0.5268813371658325 caruncola:0.526707649230957 bitorzoluto:0.5249495506286621 striatale:0.5241054892539978 gallinella:0.5237554311752319 escrescenza:0.52167809009552 vischio:0.5206241607666016 collolanoso:0.5200049877166748 scodinzolante:0.5198138952255249 ghiazza:0.5197129249572754 bestiolina:0.5182604789733887 occhiocotto:0.517594575881958 bitorzoluta:0.5156017541885376 rametto:0.5149645805358887 ringhiante:0.5145969390869141 smeraldino:0.5142459869384766 ramoscelli:0.5134103894233704 appollaiata:0.5124828815460205 cespuglio:0.5121886730194092 ghiani:0.510589599609375 ramarro:0.5103542804718018 ciuffolotto:0.5100061297416687 miagolare:0.5098128318786621 bitorzolo:0.5097833871841431 soffione:0.5094739198684692 passeracei:0.5081790685653687 pappagallino:0.5080606341362 penzolante:0.5075307488441467 magicospino:0.507155179977417 sanguinella:0.5062239170074463 puzzolo:0.505851686000824 chiocciolina:0.505807101726532 babbuccia:0.5044668316841125 nucula:0.5042766332626343 caruncolato:0.5041021108627319 moscella:0.503742516040802 uccellino:0.5034642219543457 cignoide:0.503262460231781 bulbifera:0.5028667449951172 appollaia:0.502860426902771 martora:0.5027676224708557 uccellaccio:0.5024851560592651 piumone:0.5022822022438049 uccella:0.5012525916099548 ciuffino:0.5004048943519592
