word,neighbors
giovanile,"giovanile,:0.909141480922699 giovanile»:0.8326123952865601 giovanil:0.8214673399925232 giovanilmente:0.7599688172340393 infantile/giovanile:0.7322208285331726 giovanili:0.7172452211380005 giovanilianni:0.684154212474823 giovanilistica:0.6726127862930298 giovanilistico:0.6714823842048645 giovanis:0.661794126033783 giovanilista:0.6314947605133057 giovanilismo:0.6269878149032593 giovanilistici:0.6106165647506714 giovaniss:0.5970378518104553 giovanissimi:0.5926551222801208 giovanilisquadre:0.5893660187721252 gioventù:0.5886049270629883 giovani»:0.5875829458236694 giovanili_gol_:0.5809768438339233 squadregiovanili:0.573010265827179 giovaninetti:0.5528818964958191 junioresnazionale:0.5421043634414673 giovani:0.5395603775978088 giovanissimo:0.5201885104179382 studentesca:0.5148161053657532 gioventù»:0.5144163370132446 militante:0.5128793120384216 calcisticamente:0.5112295746803284 preadolescente:0.508051872253418 vivaio:0.5073831677436829 dilettantistico:0.5039292573928833 juniori:0.5034750699996948 militando:0.5028895139694214 scoutistica:0.5021800994873047 scoutistico:0.5010262727737427"
