word,neighbors
girino,girini:0.6941410899162292 girin:0.6777514219284058 sigirino:0.6561920642852783 aggirino:0.6056073307991028 virino:0.5809739828109741 giringiro:0.5566813945770264 granchione:0.5313845872879028 girinidi:0.5241990089416504 granchio:0.5181824564933777 pesciolina:0.5173174738883972 irino:0.5162273645401001 pesciolino:0.5158616304397583 ciàula:0.510256290435791 cascano:0.5032897591590881
