word,neighbors
lavagna,davagna:0.7566904425621033 lavagnetta:0.7339794635772705 lavagno:0.7112942337989807 lavagnola:0.6795244216918945 paravagna:0.6744374632835388 lavagnette:0.6657077074050903 lavagnone:0.658412754535675 lavagnoli:0.6438254117965698 gravagna:0.6421412825584412 lavagnese:0.6241528987884521 chiaravagna:0.623449981212616 lavagne:0.6225303411483765 lavagnesi:0.6219475269317627 tavagna:0.6153311133384705 cavagna:0.6143666505813599 vagna:0.612646222114563 chiavari:0.5957888960838318 avagnano:0.5901747941970825 ravagnati:0.5708191394805908 lavagnina:0.5652725100517273 chiavarese:0.5429005026817322 ligure:0.5419955253601074 ravagnan:0.5397277474403381 lingueglietta:0.5359731912612915 torriglia:0.5359471440315247 genova:0.5350658297538757 albenga:0.5282452702522278 rapallino:0.5273767709732056 cavagnano:0.52677983045578 albisola:0.5263614654541016 sestri:0.5252112150192261 levanto:0.52472984790802 lavagnino:0.5241677761077881 cornigliano:0.5240945219993591 lavagnini:0.5236066579818726 albissola:0.5233777165412903 chiavarina:0.5215783715248108 rezzoaglio:0.5214750170707703 moneglia:0.5213795304298401 ravagnani:0.5209603905677795 tavagnasco:0.5194695591926575 carrodano:0.519326388835907 oneglia:0.5191289782524109 carasco:0.5183771252632141 fontanabuona:0.5179563760757446 fieschi:0.517352283000946 pontedassio:0.5145595073699951 cogorno:0.512371838092804 rapallo:0.5096120834350586 cicagna:0.5080137848854065 chiavaro:0.5074127912521362 corniglia:0.5063742995262146 voltri:0.5046504139900208 chiavazza:0.5033974647521973 peagna:0.5029733180999756 tigullio:0.5015876293182373 cogoleto:0.5014433264732361 taggia:0.5011940002441406 bonassola:0.5007851719856262 casarza:0.5006988644599915 rapallini:0.5005746483802795 zoagli:0.5003324151039124
