word,neighbors
lite,litigio:0.6420993804931641 rissa:0.6337473392486572 furibonda:0.5774856209754944 litigata:0.574420690536499 liti:0.5655168294906616 diverbio:0.5553867220878601 battibecco:0.5530458092689514 furiosa:0.5370925664901733 alterco:0.5332871675491333 litigato:0.5327611565589905 litigi:0.5276689529418945 diatriba:0.5271713137626648 controversia:0.520538866519928 litigarello:0.5185695290565491 battibecca:0.5169665813446045 scenata:0.5155481100082397 colluttazione:0.5123260617256165 litigo:0.5032265186309814
