word,neighbors
lumaca,lumachina:0.6892079710960388 lumacone:0.6588296890258789 lumache:0.6569088697433472 lumaco:0.6486891508102417 lumaconi:0.6169319748878479 lumachella:0.6086814999580383 gumaca:0.6074360609054565 lumachine:0.6038468480110168 fumaca:0.5827876925468445 lumachi:0.5786224603652954 lumachelle:0.574159562587738 amaca:0.5721737146377563 tartaruga:0.5700607299804688 animaletto:0.5668671727180481 mostriciattolo:0.5640208721160889 cavalluccio:0.5639851689338684 lumaclub:0.5502529740333557 vermiciattolo:0.5450901985168457 spugnetta:0.5440692901611328 tridacna:0.5336765646934509 chiocciolina:0.5317261815071106 sputacchina:0.5312609672546387 tartarugando:0.5309687852859497 cetriolino:0.530430793762207 pesciolina:0.5262660980224609 rospo:0.521564245223999 lumacofono:0.5196782946586609 pesciola:0.5164744257926941 granchione:0.5136532783508301 cirripede:0.5134867429733276 ciàula:0.5117297172546387 sogghignante:0.5097752213478088 ostrica:0.5096524953842163 gamberuga:0.5094369649887085 scarafaggio:0.5092589259147644 mangiaenergia:0.5085615515708923 tartarugone:0.5061684846878052 chiocciole:0.5056177973747253 tartarugato:0.5053228735923767 animaletti:0.5045999884605408 pesciolino:0.5042572021484375 gamberetto:0.5038207173347473 pescepalla:0.5032011866569519 crostaceo:0.5007863640785217 cavalletta:0.5003086924552917
