word,neighbors
lume,luminale:0.576307475566864 capillari:0.5667693018913269 endoluminale:0.5436945557594299 intravasale:0.5430448651313782 trasudato:0.5389731526374817 peritubulari:0.5335301756858826 iuxtaglomerulare:0.5329959392547607 iuxtaglomerulari:0.5328572392463684 intraluminale:0.5322968363761902 luminali:0.5275263786315918 uretere:0.5270841121673584 intravascolare:0.5263245701789856 endotelio:0.5259059071540833 vacuolo:0.5258257985115051 detrusore:0.523762583732605 juxtaglomerulari:0.5234279632568359 essudato:0.521729052066803 juxtaglomerulare:0.521530270576477 piloro:0.5193697214126587 sacculo:0.5189923048019409 peritubulare:0.5160656571388245 endoluminali:0.5153920650482178 endolinfatico:0.5142927169799805 trasudatizio:0.5141820311546326 epitelio:0.5121796131134033 sottomucosa:0.5106698274612427 capillarità:0.5106408596038818 plasmalemma:0.510588526725769 miocita:0.5103544592857361 periuretrali:0.510127604007721 interstizio:0.508870542049408 glomerulo:0.5085852742195129 dilatante:0.5073156356811523 secretina:0.5061424374580383 trasudazione:0.5058599710464478 periglomerulari:0.5053331851959229 intravascolari:0.5051153898239136 trasudare:0.5049582123756409 appressorio:0.5046802163124084 endoteliale:0.5046151280403137 vescico:0.5044950246810913 occlude:0.5043871998786926 pupillari:0.5032573342323303 interlobulari:0.5026371479034424 glomerulare:0.5025786757469177 glomerulari:0.5024763941764832 paravascolare:0.5024002194404602 arteriole:0.5020163059234619 sottomucose:0.5019784569740295 prostatica:0.5019563436508179 venule:0.501886248588562 precapillari:0.5016001462936401 sottomucosi:0.5005941390991211
