word,neighbors
maestra,maestra»:0.6421374082565308 maestras:0.5891311168670654 maestrìa:0.5820671319961548 allieva:0.56186443567276 maestría:0.5526439547538757 maestrati:0.54887855052948 maestre:0.542958676815033 maestro:0.5395703911781311 levatrice:0.5378993153572083 alunna:0.536304771900177 maestrazzi:0.5349581241607666 scuoletta:0.5253967046737671 ragazzina:0.5201733708381653 maestrat:0.5180670619010925 elementare:0.5173644423484802 bambina:0.517309308052063 tutrice:0.5171594023704529 maestrina:0.5164792537689209 maestrazgo:0.5152033567428589 allievare:0.5147254467010498 insegnante:0.5120795369148254 maestrello:0.5106488466262817 ammaestratrice:0.5089613795280457 nonna:0.5075756311416626 apprendista:0.5053203701972961 istitutrice:0.5046662092208862
