word,neighbors
maestranza,maestranzi:0.7796136736869812 maestranze:0.7404131293296814 maestría:0.6221567392349243 capomaestro:0.6037606000900269 maestrìa:0.5966916680335999 maestrazgo:0.5876481533050537 maestrazzi:0.581511378288269 capomastri:0.5713280439376831 dimostranza:0.5645735859870911 capomastro:0.5628656148910522 artigiani:0.5619902014732361 maestrati:0.5544809103012085 fraglia:0.5495412945747375 casartigiani:0.5488905906677246 maestra»:0.5485527515411377 maestras:0.5462859869003296 rifabbrica:0.5436562299728394 capimastro:0.5359491109848022 giovanniti:0.5285986065864563 falegnami:0.5265429019927979 piccapietre:0.5234478116035461 granza:0.5228026509284973 maestrelli:0.522180438041687 processionale:0.5194895267486572 artigianelli:0.5187857151031494 calzolaifaradda:0.5175381898880005 mastroleo:0.5161603689193726 bonajuto:0.5161520838737488 maestre:0.5140994787216187 fragliasso:0.5134115219116211 maiolicari:0.5130490064620972 battiloro:0.511996865272522 processionaria:0.5105857253074646 laudesi:0.5103855729103088 maestrello:0.5101398825645447 arcigremio:0.5100222826004028 fabbricieri:0.5099658370018005 artigianarte:0.5083019733428955 fabbriceria:0.5077382922172546 marmorari:0.5074175000190735 scalpellini:0.5071547031402588 portigiani:0.505915105342865 capimastri:0.5058310031890869 fraglie:0.5048965215682983 maestri:0.5046554803848267 marmoraro:0.5044786334037781 retablo:0.5029459595680237 fabbricotti:0.5020368099212646 pizzimbone:0.5016214847564697 maestripieri:0.5011115074157715 capomanipolo:0.5006446838378906 fabbrile:0.5002312064170837 hermandad:0.5000483393669128
