word,neighbors
mandria,mandriani:0.716760516166687 mandrie:0.7010743618011475 mandriano:0.6835416555404663 mandriana:0.6760132908821106 mandrile:0.6447760462760925 mandrione:0.6380769610404968 gandria:0.6304748058319092 diandria:0.6218813061714172 teandria:0.6189063787460327 mandrio:0.6163772344589233 mandrilli:0.6060876250267029 evandria:0.5946412682533264 bestiame:0.5891343951225281 bufali:0.586326539516449 buoi:0.58515465259552 sandria:0.5789704322814941 mandrillo:0.5773179531097412 capre:0.5772696137428284 mandrill:0.5756396651268005 cervo:0.5703148245811462 mandriole:0.5672021508216858 pecore:0.5637431144714355 mandriolo:0.5595321655273438 misandria:0.5560924410820007 bisonti:0.5552221536636353 selvaggina:0.5531191229820251 cinghialone:0.5480453968048096 cavalcacinghiali:0.5468748211860657 greggi:0.5460825562477112 mandriola:0.5457434058189392 anandria:0.5449067950248718 mandrichi:0.5421731472015381 mandricardo:0.5411108136177063 gregge:0.538932740688324 cassandria:0.5377611517906189 inselvatichita:0.5363885760307312 cinghiali:0.5359686017036438 giumenti:0.5339053869247437 xandria:0.533815860748291 pascolare:0.5336812138557434 mandri:0.5329587459564209 scamandrio:0.5327355265617371 mulo:0.5327175855636597 giumenta:0.5320001840591431 rinselvatichita:0.5317667126655579 mucca:0.5298724174499512 mandrogne:0.5296435952186584 inselvatichito:0.5278522372245789 mandrier:0.5276420712471008 giumento:0.5267488360404968 capredoni:0.5263460278511047 assandria:0.5249546766281128 rinselvatichito:0.5241938829421997 cammelli:0.5240392684936523 mucche:0.5231350660324097 cavalcatura:0.523114025592804 inselvatichiti:0.5226237773895264 sindria:0.522388756275177 imbizzarrì:0.5212976932525635 taxandria:0.5206130146980286 cavalla:0.5197785496711731 stalla:0.5196331739425659 rinselvatichiti:0.5185694694519043 asini:0.5183759331703186 giumente:0.5179718136787415 bovini:0.5162105560302734 allevatori:0.51596599817276 cerbiatto:0.5150400996208191 cerbiatta:0.5143495202064514 poliandria:0.5121809244155884 pascola:0.5100955963134766 inselvatichimento:0.5085979700088501 polyandria:0.5082079768180847 cinghiale:0.5080587863922119 muli:0.5068387389183044 capreo:0.5047911405563354 asino:0.5047203898429871 toxandria:0.5035209655761719 selvatici:0.5033766031265259 bracconieri:0.5031964778900146 abbevera:0.5012480616569519 bue:0.5011487007141113 imbizzarriti:0.5011423826217651 samandriel:0.5010747909545898
