word,neighbors
manto,mantello:0.6632860898971558 ammanto:0.6438928246498108 sopravveste:0.6171495318412781 sottopelo:0.6052019596099854 erboso:0.6007542610168457 foderato:0.5995579361915588 mantellone:0.5846121311187744 arricciato:0.575252115726471 fodera:0.5698175430297852 sopravvesti:0.5697858333587646 foderata:0.5606753826141357 criniera:0.5596952438354492 scuro:0.5565164089202881 panno:0.554759681224823 panneggio:0.5505176186561584 arricciata:0.5458629131317139 pelo:0.5453773736953735 terricciato:0.5441965460777283 pelame:0.5414641499519348 drappeggio:0.5394768118858337 tendaggio:0.5378313660621643 lumeggiato:0.5343506932258606 mantellino:0.5334688425064087 scurito:0.5329639911651611 foderati:0.5306942462921143 mantellina:0.5306432843208313 arricciati:0.5276122689247131 lanuginoso:0.5274171233177185 perizoma:0.5266280770301819 ricamato:0.5244691967964172 piumaggio:0.522603452205658 ombreggiamento:0.5224989652633667 foderate:0.522099494934082 fianchicamoscio:0.5209773778915405 foderatura:0.5208664536476135 arriccio:0.5199475288391113 tinteggiato:0.5194976925849915 setoso:0.5193176865577698 dorato:0.5186617970466614 scolorito:0.5183504819869995 mantelletto:0.5176378488540649 mantellica:0.5166617035865784 mantelle:0.5164506435394287 screziato:0.5147527456283569 brunifoglia:0.5136343836784363 lanugine:0.5135039687156677 foderando:0.5132119059562683 grembiato:0.5127873420715332 intonaco:0.5125256180763245 peluria:0.5124878287315369 scamosciato:0.5118929743766785 ispido:0.5117091536521912 rossastro:0.5110941529273987 fioccoso:0.5109050869941711 arricciatura:0.5105510950088501 colore:0.5102688074111938 arricciature:0.5098360180854797 arricciate:0.5093016028404236 tinteggia:0.508784294128418 marroncino:0.5085397362709045 rilucente:0.5080378651618958 bianco/grigio:0.5074938535690308 rossastra:0.5064131617546082 mantelletta:0.5062870979309082 brunastro:0.5059460997581482 arriccia:0.5055047273635864 lanoso:0.5039970874786377 lumeggiati:0.503894567489624 rossiccio:0.5030648112297058 velluto:0.502812385559082 drappeggiato:0.5026496648788452 folta:0.5019898414611816 lumeggiate:0.5019274353981018 soprabito:0.501916766166687 fogliame:0.5016096830368042 ermellino:0.5013042092323303 gonnellino:0.5009632706642151 criniere:0.5006495714187622 telo:0.5001859068870544
