word,neighbors
masso,macigno:0.6447479724884033 roccia:0.6053022146224976 frana:0.6042739748954773 rocciotomba:0.5871661305427551 lastrone:0.5793842077255249 macigni:0.5782517790794373 ramasso:0.5771395564079285 roccione:0.5586617588996887 roccio:0.5480524897575378 erratico:0.540774405002594 costone:0.5351706743240356 terratico:0.5343936085700989 rupe:0.5333813428878784 piccone:0.5290875434875488 rocciano:0.5287870764732361 tufaceo:0.5211613178253174 franapoggio:0.520280122756958 rocciosa:0.5202494263648987 spuntone:0.5201221108436584 franato:0.5165072083473206 peperino:0.5160970687866211 franare:0.5151395201683044 lastra:0.5134737491607666 lastrame:0.5132132768630981 roccianima:0.5123047232627869 tamasso:0.5107604265213013 franante:0.5103412866592407 franata:0.5103365182876587 quarzifero:0.5096654295921326 rocciadura:0.5088803768157959 roccioso:0.5088675022125244 tommasso:0.5081911683082581 precipizio:0.5080047249794006 barrocciaio:0.5048279762268066 rocciafonda:0.5039411783218384 pietra:0.502761721611023 chiantaretto:0.5015327334403992 scivoletto:0.5013905167579651 dirupo:0.5009773373603821 crepaccio:0.5009581446647644
