word,neighbors
matto,scaccomatto:0.6898974776268005 gattomatto:0.6189841628074646 scacco:0.5731176733970642 aiutomatto:0.56597900390625 matto/la:0.5638880729675293 sessomatto:0.5616012811660767 cappellaio:0.5598483681678772 toccalmatto:0.5575037002563477 mattoso:0.5560203194618225 automatto:0.5424647331237793 tastomatto:0.5407522320747375 portomatto:0.5332152843475342 stregatto:0.5286423563957214 pellaio:0.5026727914810181 arcimatto:0.5010786056518555
