word,neighbors
mela,melagrana:0.5139995813369751 mele:0.5096070170402527 melagrano:0.508762001991272 melacotogna:0.5027446150779724
