word,neighbors
moderno,moderno»:0.7137150764465332 premoderno:0.6902629137039185 ultramoderno:0.6485461592674255 modernos:0.6326566934585571 protomoderno:0.630237877368927 coderno:0.62621009349823 stilmoderno:0.6209984421730042 antimoderno:0.6206813454627991 moderna:0.5957466959953308 contemporaneo:0.5894069075584412 antico:0.5890792012214661 moderní:0.5812616348266602 modernissimo:0.5717231631278992 moderni:0.5639353394508362 postmoderno:0.563600480556488 modernistico:0.5572642087936401 moderna»:0.5565086007118225 contemporaneistico:0.5543943047523499 modernas:0.5493243336677551 modernizzato:0.5483849048614502 contemporaneo»:0.5456988215446472 modernizzante:0.5440554618835449 modernamente:0.538723349571228 modernovas:0.5337175726890564 storicistico:0.5324015021324158 tradizionalistico:0.5278027057647705 moderne:0.5255661010742188 moderne»:0.5231303572654724 modernità:0.5221229791641235 modernita:0.5212568044662476 modernisé:0.5159313678741455 innovativo:0.5153820514678955 ottocentesco:0.5127572417259216 eristico:0.5089498162269592 puristico:0.5050378441810608 revivalistico:0.5017127990722656 moderna#proponenti:0.5013229250907898 medioevaleggiante:0.5003084540367126 odierno:0.5000045895576477
