word,neighbors
muro,perimetrale:0.6268395781517029 muri:0.6088148951530457 recinzione:0.601726770401001 muraglione:0.5936880707740784 muraglia:0.5913158059120178 muretto:0.5875656604766846 perimetrali:0.5818395614624023 terrapieno:0.5798459649085999 perimetrato:0.5734884738922119 perimetrata:0.569386899471283 fossato:0.566479504108429 cortiletto:0.5662086606025696 cinta:0.5604855418205261 parapetto:0.5565508008003235 portone:0.5481059551239014 muraglioni:0.5454492568969727 recinge:0.5451930165290833 perimetralmente:0.5419741868972778 cortile:0.5409132838249207 pavimento:0.5408039093017578 mura:0.5403084754943848 muragl:0.5386021137237549 camminamento:0.5363451838493347 recinzioni:0.5315495133399963 murario:0.5283696055412292 colonnato:0.5279977321624756 portoncino:0.5272186994552612 controscarpa:0.5261880159378052 recinto:0.5258175730705261 recingeva:0.5224462747573853 addossato:0.5218800902366638 perimetrate:0.5207006335258484 transennato:0.5204375982284546 muraria:0.5199017524719238 perimetra:0.5193836688995361 parete:0.5185647010803223 transenna:0.5177274942398071 spalto:0.5157093405723572 muretti:0.5154305100440979 muraglie:0.5147212147712708 perimetrati:0.512469470500946 muratura:0.5123384594917297 transenne:0.5119263529777527 transennare:0.5099906325340271 perimetro:0.5098884701728821 cordolo:0.5089408755302429 murette:0.5077025890350342 basamento:0.5075449347496033 mastio:0.5061843991279602 peperino:0.505713164806366 imbasamento:0.5039400458335876 portico:0.5032802820205688 terrapienata:0.5021605491638184 recingere:0.5013548731803894 bastione:0.5006723999977112
