word,neighbors
naso,sopracciglia:0.6210994124412537 sopracciglio:0.6193752288818359 sopraccigliare:0.6161164045333862 orecchie:0.6152033805847168 muso:0.6050229072570801 sopracciglio»:0.6049313545227051 mento:0.6031088829040527 sopraccigliari:0.602915346622467 monosopracciglio:0.6015515923500061 narici:0.6003378629684448 sopracciglie:0.5972127318382263 labbro:0.5950491428375244 labbrone:0.5932347178459167 orecchi:0.5906273722648621 sopraccigli:0.5886334180831909 viso:0.5865125060081482 labbra:0.5806140899658203 orecchio:0.577591061592102 orecchiato:0.5758406519889832 paraorecchie:0.5687862038612366 collo:0.5668570399284363 orecchie»:0.5646578073501587 guance:0.5640798807144165 palpebre:0.5628038048744202 orecchiare:0.5608485341072083 accigliato:0.5582165122032166 orecchia:0.5579510927200317 pancia:0.5551758408546448 accigliata:0.5546389818191528 nasale:0.5534078478813171 occhi:0.5529897212982178 labbri:0.5525552034378052 occhiolino:0.5499703288078308 paraorecchi:0.547330915927887 guancia:0.5420323014259338 narice:0.5409203767776489 nasotozzo:0.5385708808898926 fondoschiena:0.5380237102508545 palpebrale:0.5363389253616333 nasolacrimale:0.5356146097183228 copriombelico:0.5339617133140564 orecchienere:0.5333628058433533 appuntito:0.5329527258872986 palpebra:0.5306863188743591 bocca:0.5294491052627563 sopraorbitario:0.5282503366470337 labbra»:0.5264334082603455 naso»:0.5262438058853149 orecchino:0.5257155895233154 adunco:0.5248016119003296 nasetto:0.5241897106170654 zigomi:0.5178948640823364 capezzolo:0.5176032781600952 mascella:0.5153087377548218 affilato:0.5150817632675171 sopracciliare:0.5146873593330383 mascellone:0.5134907960891724 orecchiocchio:0.5117092132568359 palpebrali:0.5114166736602783 orecchio»:0.5106788277626038 cappuccio:0.5093740820884705 arruffato:0.508587658405304 auricolare:0.5083157420158386 sopracciliari:0.5079894065856934 periauricolare:0.5072355270385742 foruncolo:0.5069456696510315 tumefatto:0.5054192543029785 orecchiuto:0.5050824284553528 becco:0.504828929901123 prognato:0.5041002035140991 mascellino:0.5036693215370178 lacrimale:0.5033795237541199 arricciacapelli:0.5028674602508545 orecchione:0.5019151568412781 capelli:0.5005791783332825 polpaccio:0.5002264976501465
