word,neighbors
nastro,nastri:0.7672373056411743 nastrino:0.6777563691139221 nastrini:0.6534876227378845 videonastro:0.618206262588501 nastroteca:0.6134883165359497 legendanastro:0.6041321158409119 nastran:0.5913165807723999 videonastri:0.5528229475021362 videoregistrato:0.5338995456695557 cordoncino:0.5239349603652954 videoregistrazione:0.5235881805419922 videoregistrata:0.522756040096283 videoregistratore:0.5193460583686829 multitraccia:0.5151671767234802 dvcam:0.507218062877655 annodatura:0.5070199966430664 videoregistrazioni:0.5065102577209473 adesivo:0.5054414868354797 videoregistrati:0.5048560500144958 testina:0.5039518475532532 pinastro:0.5008829236030579 cuffie:0.500422477722168 videoregistratori:0.5004015564918518
