word,neighbors
oste,osteria:0.64365553855896 albergatore:0.5891358256340027 locanda:0.587120771408081 mugnaio:0.5869935750961304 locandiere:0.5652351379394531 pescivendolo:0.5616393089294434 ostessa:0.5524798631668091 garzone:0.5506301522254944 oster:0.5481059551239014 usuraio:0.5410616397857666 osterie:0.5405742526054382 osterrieth:0.5392111539840698 svignarsela:0.5389341711997986 albergaccio:0.5372180342674255 poveraccio:0.5342217087745667 barattiere:0.5335525870323181 osteriaccia:0.532645046710968 bottegaio:0.5280693769454956 ubriacone:0.5279766917228699 ubriacona:0.5230664014816284 locandieri:0.5190219879150391 tirchio:0.5183389782905579 straccivendolo:0.518193781375885 legnaiolo:0.5174689292907715 fornaio:0.5143733024597168 capostalliere:0.5135919451713562 compaesano:0.512582540512085 contadino:0.5118178725242615 droghiere:0.5116059184074402 barattiero:0.5112023949623108 questuante:0.5085050463676453 commerciante:0.5073019862174988 lustrascarpe:0.5064828991889954 carbonaio:0.5053342580795288 pescivendola:0.5045748353004456 poveraccia:0.5045645833015442 baruffaldo:0.503569483757019 briaco:0.5023693442344666 inserviente:0.501437246799469 paesano:0.5001589059829712
