word,neighbors
pacco,contropaccotto:0.6765912175178528 paccottiglia:0.649249255657196 pacchi:0.6436507105827332 bigliettino:0.564765453338623 valigia:0.5645869970321655 pacchettino:0.555820882320404 sacchetto:0.5557915568351746 plico:0.5542444586753845 portasigarette:0.5495955348014832 recapitato:0.5493395924568176 recapita:0.5490853190422058 borsetta:0.5487387180328369 armadietto:0.5419068336486816 biglietto:0.5347627997398376 regalo:0.5338242650032043 recapitarlo:0.5316462516784668 recapito:0.5262941718101501 recapitare:0.5256681442260742 scatoletta:0.5230860710144043 zaino:0.5227764248847961 zainetto:0.5221425890922546 portabagagli:0.5215202569961548 recapitargli:0.51844322681427 scatola:0.5179551243782043 pacchia:0.5177651047706604 scatolina:0.5150221586227417 spacco:0.5141764283180237 confezionatore:0.5121013522148132 barattolo:0.5120574235916138 pacchetto:0.5094829201698303 paccocelere:0.5093169808387756 bigliettini:0.5078161954879761 giaccotto:0.5075458288192749 valigie:0.5060555338859558 pacchietto:0.5049193501472473 borsetto:0.5048527717590332 bottiglietta:0.5047896504402161 scatolone:0.5042819976806641 pressaggio:0.5006985068321228 telefonato:0.5002837777137756 recapitarle:0.5000739693641663
