word,neighbors
palma,depalma:0.600818932056427 palmade:0.5702465772628784 impalma:0.5541549921035767 palmae:0.5501284599304199 maiorca:0.5482991933822632 palma»:0.5383281707763672 pampinosa:0.5324669480323792 majorca:0.5299562811851501 palmacci:0.5268698334693909 palmam:0.5262571573257446 palmas:0.5212249755859375 palmavera:0.5181983709335327 palmasola:0.516331136226654 canaria:0.5064201354980469 montepalma:0.5052378177642822 mayorca:0.5025629997253418
