word,neighbors
palmares,palmarés:0.638275146484375 palmarès:0.6038980484008789 sexmares:0.5990521907806396 palmar:0.5874963402748108 palmart:0.5709906220436096 cañamares:0.5549855828285217 amares:0.544861912727356 limoeirense:0.5323959589004517 supertaça:0.529813826084137 criciúma:0.5287547707557678 campeões:0.5264508128166199 cajazeirense:0.5196872353553772 kamares:0.5152366161346436 juazeirense:0.5128498673439026 macaé:0.5127875804901123 barreirense:0.5126044750213623 tabeira:0.5084690451622009 feirense:0.5066542625427246 portimonense:0.505126953125 torneio:0.5048783421516418 palmare:0.5045241713523865 palmeirense:0.5032787322998047 itapirense:0.5002356171607971
