word,neighbors
palo,nodrito:0.525094211101532 palora:0.5079880952835083
