word,neighbors
pista,piste:0.672095000743866 fuoripista:0.6268465518951416 riasfaltata:0.6211650967597961 asfalto:0.6166498064994812 riasfaltato:0.6152852177619934 asfalta:0.6140730977058411 riasfaltatura:0.6123525500297546 rullaggio:0.6095831394195557 asfaltare:0.6090468764305115 asfaltato:0.6035019159317017 asfaltata:0.6027301549911499 asfaltatura:0.6021536588668823 sterrato:0.5897017121315002 asfaltati:0.5764825344085693 kartodromo:0.5760448575019836 sterrata:0.5704077482223511 ciclabile:0.5684032440185547 pattinodromo:0.5682023167610168 tracciato:0.5606323480606079 decollo/atterraggio:0.5597517490386963 aerautodromo:0.5590847730636597 asfaltatore:0.5565196871757507 asfaltamento:0.5529018640518188 asfaltò:0.5501710772514343 asfaltate:0.5460330843925476 motodrom:0.5435341000556946 pistaaa:0.5385910272598267 atterraggio:0.5289082527160645 pattinaggio:0.5285954475402832 rullaggi:0.5284312963485718 asfalti:0.5237029194831848 slittino:0.5231200456619263 autodromo:0.523106038570404 atterraggio/decollo:0.5222973823547363 monoposto:0.5215128064155579 tornante:0.5202337503433228 neve/ghiaccio:0.5201178193092346 asfal:0.5199101567268372 hockenheim:0.5196251273155212 motovelodromo:0.5188219547271729 partenza/arrivo:0.5179427862167358 battipista:0.5177945494651794 ciclopedonale:0.5175262689590454 testacoda:0.516856849193573 sterrati:0.5162513256072998 istrada:0.516157329082489 rettilineo:0.5146517157554626 chicane:0.5140037536621094 atterraggi/decolli:0.5123842358589172 taxiway:0.5117795467376709 velodromo:0.5084164142608643 cronometrata:0.5080242156982422 _atterraggio:0.5074788928031921 battistrada:0.5074005722999573 zolder:0.5030190944671631 carreggiata:0.5020188093185425 ciclabili:0.5000180602073669
