word,neighbors
prodigio,"prodigio»:0.7673620581626892 prodigioso:0.7210316061973572 prodigios:0.7187429666519165 prodigiosa:0.7164753675460815 prodigiosi:0.701846182346344 prodigiose:0.6794878244400024 prodigia:0.6749786734580994 prodigiosin:0.6576383709907532 prodigiosamente:0.6501802206039429 prodigi:0.6461449265480042 prodigious:0.6134326457977295 prodigium:0.5801078677177429 miracoloso»:0.578325092792511 prodigiosina:0.5705498456954956 sordomuto:0.5657266974449158 bambino:0.5588722825050354 prodigiis:0.5549435615539551 miracoloso:0.5507861971855164 bambina:0.5486230850219727 ragazzino:0.5444833636283875 prodige:0.5442996025085449 talento:0.5410009622573853 miracolosa»:0.5317067503929138 miracoeo:0.5309389233589172 miracolo:0.5284251570701599 miracolato:0.5256406664848328 dodicenne:0.5250931978225708 bambino»:0.5247675180435181 sordomuta:0.5238688588142395 prodigiorum:0.5192344188690186 miracol:0.5145895481109619 miracoletto:0.5138050317764282 miracolo»:0.5131664872169495 giovane:0.5049973726272583 miracolosi:0.5049206614494324 quindicenne:0.5045186281204224 bambimo:0.5034728050231934 prodigieux:0.5026566386222839 adolescente:0.5022236108779907 precocissimo:0.5020092129707336 bambino,:0.500815212726593"
