word,neighbors
quiete,quiete»:0.7719495296478271 quietem:0.7043728232383728 inquiete:0.6812419295310974 quieta:0.6497350931167603 tranquillità»:0.6211695671081543 tranquillità:0.6191626787185669 serenità:0.5870693325996399 quieti:0.5683999061584473 quietest:0.5639398694038391 irrequiete:0.5621784925460815 quietarsi:0.555419921875 quietò:0.5494607090950012 tranquillita:0.5409656167030334 contemplazione:0.5328991413116455 perturbamento:0.532231330871582 tranquillitas:0.5321560502052307 quietamente:0.5257168412208557 rilassatezza:0.5248181819915771 serenità»:0.524280309677124 quieto:0.5208885669708252 calma:0.5179024934768677 quietare:0.516626238822937 tranquillitate:0.5150910019874573 tranquilla:0.5135297775268555 inquietitudine:0.5112946629524231 quietate:0.5096526145935059 imperturbata:0.5095548033714294 felicità:0.505307674407959 riposo:0.5025029182434082 solitudine:0.5003895163536072
