word,neighbors
radice,radice»:0.7098450064659119 radices:0.6435322165489197 radicella:0.6429901719093323 paradice:0.6275874376296997 radicello:0.6050771474838257 radici:0.6028288006782532 fradice:0.5851408243179321 radicena:0.5594193935394287 protoindoeuropea:0.551569402217865 radicante:0.5513094663619995 desinenza:0.5460582971572876 protoindoeuropeo:0.5444662570953369 radichetta:0.5371242761611938 suffissoide:0.5361161828041077 radich:0.533897876739502 triconsonantica:0.529343843460083 desinente:0.5273652672767639 paretimologia:0.5258810520172119 suffissa:0.5242993831634521 suffissoidi:0.5223231315612793 sostantivo+aggettivo:0.5222622156143188 protoindoeuropee:0.5218491554260254 parola:0.5187286138534546 etimologica:0.5146209001541138 sostantività:0.5144785642623901 paretimologica:0.5143625140190125 paretimologico:0.5134980082511902 radic:0.5118369460105896 sostantivo:0.5065511465072632 sostantivazione:0.5057915449142456 sostantiva:0.5056185126304626 suffissazione:0.505005419254303 suffissale:0.503779947757721
