word,neighbors
raggio,raggione:0.6223486065864563 raggiosfera:0.6132540702819824 raggion:0.5953550338745117 raggionamento:0.580094039440155 raggioni:0.5764908194541931 raggioscossa:0.5714218616485596 corto/medio:0.5660949945449829 raggi:0.5653030872344971 circumraggio:0.5614578127861023 raggia:0.553225576877594 raggiaurora:0.5531933307647705 δv:0.5468683242797852 raggio_azione:0.5441596508026123 inraggio:0.5416869521141052 raggiolo:0.5408781170845032 gittata:0.5392856001853943 megaparsec:0.5380541086196899 supersonica:0.5378605723381042 r☉:0.5371764302253723 deflesso:0.534479022026062 supersoniche:0.5320223569869995 superficie/aria:0.5277100205421448 deflesse:0.5233107209205627 raggiante:0.5218427181243896 supersonici:0.5179722309112549 supersonico:0.5165802240371704 turbolaser:0.5165358185768127 radianza:0.5163146257400513 r⊙:0.5160494446754456 ipervelocità:0.5154925584793091 quadrimpulso:0.5150798559188843 deflessione:0.5150498151779175 traiettoria:0.5144945979118347 deflettore:0.5143951177597046 comovente:0.514223575592041 raggianti:0.5138646364212036 periastro:0.51310133934021 missile:0.5123794674873352 raggiano:0.5121966004371643 deflessi:0.5121467709541321 deflessa:0.511360228061676 semiperforante:0.5102062821388245 infrarosso:0.5084161162376404 raggiere:0.507699728012085 raggiato:0.5076716542243958 supervelocità:0.5075859427452087 laser:0.5063595771789551 k_v:0.5062675476074219 stordiraggio:0.506195604801178 corraggio:0.5059000253677368 quadrimomento:0.5056747198104858 gravitazionale:0.505040168762207 distanza:0.5044695138931274 semiattiva:0.5037137269973755 massa/luminosità:0.5026003122329712 diametro_rotore:0.5023854970932007 l⊙:0.5020518898963928 gravitomagnetico:0.5014966726303101 balistico:0.5008827447891235 radiativo:0.5006212592124939
