word,neighbors
remo,romolo:0.5891372561454773 remotti:0.5313587784767151 bodei:0.5148418545722961 anzovino:0.5065348744392395 fuzzi:0.502971351146698
