word,neighbors
resto,tutto:0.6413958668708801 tutta:0.6028615832328796 praticamente:0.5221393704414368 restante:0.5203729867935181 intera:0.5195562243461609 sommato:0.5120354294776917 quasi:0.5103073716163635 comunque:0.5099627375602722 totalità:0.5091618895530701 totalmente:0.5080970525741577 rimanente:0.5061784982681274 ★m:0.5042566061019897
