word,neighbors
retta,rette:0.639881432056427 retto:0.5590807199478149 battezzati:0.5196475386619568 tangente:0.513629674911499 retti:0.5099719762802124 semiretta:0.5041075348854065 vescovo:0.5015013217926025
