word,neighbors
sacco,saccoccio:0.6396628618240356 saccoccia:0.6331952810287476 saccocci:0.620426595211029 saccozzi:0.6103994846343994 saccol:0.6092005968093872 saccolenzuolo:0.5940908193588257 saccone:0.575668215751648 saccio:0.5672982931137085 sacco»:0.558733344078064 sacci:0.558714747428894 sacchia:0.5486506819725037 sacchiano:0.52718585729599 saccia:0.5225101113319397 vanzetti:0.5220341682434082 saccolongo:0.5144513249397278 sacchi:0.513371467590332 saccione:0.5108567476272583 saccon:0.5097604990005493 sacchetto:0.5021069645881653 saccoforino:0.5013243556022644 vuotasacco:0.500539243221283
