word,neighbors
sanità,"sanitario:0.6752644181251526 sanitaria»:0.6702178120613098 sanitaria:0.6540818214416504 sanita:0.6478231549263 italsanità:0.6462146639823914 sanit:0.6455175876617432 sanitari:0.6406005620956421 sanitarie:0.6382684111595154 malsanità:0.6329153180122375 igiene:0.6320104002952576 salute:0.5830807089805603 prevenzione:0.577385425567627 sanitary:0.5760025382041931 medico/sanitario:0.5699257254600525 biosicurezza:0.5614354610443115 sociosanitario:0.5610782504081726 malasanità:0.5608699917793274 ospedalità:0.5585351586341858 insanità:0.5581085681915283 sociosanitaria:0.5510386824607849 interministeriale:0.5500917434692383 infermieristico:0.5418084859848022 sottocommissione:0.5409281253814697 infermieristica:0.5408927202224731 previdenza:0.5401048064231873 prevenzione»:0.5350140333175659 infermieristici:0.5342628359794617 sanitarias:0.5341405272483826 farmacovigilanza:0.5329999923706055 sanitate:0.5326793193817139 ospedaliera:0.531773567199707 vigilanza:0.5308694839477539 sociosanitari:0.5297530889511108 ministero:0.5267584919929504 epidemiologia:0.5244848132133484 veterinari:0.5228148698806763 sicurezza:0.5223400592803955 infermieristiche:0.5215353965759277 igienico:0.520425021648407 ostetrica/o:0.5203434824943542 sociosanitarie:0.5184584259986877 epidemiologica:0.5178837180137634 penitenziaria:0.5161934494972229 sottocomitato:0.5161084532737732 ministeria:0.5141236186027527 oncologica:0.5133862495422363 veterinaria:0.5124461650848389 psicotraumatologia:0.5123409032821655 oncologia:0.511777400970459 sanitz:0.5117740631103516 sicurezza,:0.5111184120178223 irccs:0.510883092880249 infermieri:0.5102791786193848 intraospedaliera:0.50958651304245 prevenzioni:0.5093140006065369 sicurezzapolizia:0.5083132982254028 sottosegretariato:0.5077386498451233 ministeriale:0.5070605278015137 farmacoeconomia:0.5068457126617432 idrosanitari:0.5068180561065674 psicotraumatologica:0.5061478018760681 istruzione:0.5050495862960815 ambulatoriale:0.5039066076278687 ispesl:0.5028146505355835 puericoltura:0.5022709965705872 marittimasicurezza:0.5022372603416443 epidemiologico:0.5013144016265869"
