word,neighbors
scalpo,calpo:0.6952923536300659 scalpi:0.6419437527656555 scalpato:0.6096716523170471 scalps:0.6065717935562134 scalporosso:0.5688677430152893 scalping:0.563069760799408 scalpay:0.538612961769104 scalpita:0.5283691883087158 scalp:0.5239548683166504 scalplock:0.5205720663070679 scalpati:0.5194032192230225 scalphunter:0.5179828405380249 scalpitano:0.5126013159751892 scalpitante:0.5124772787094116 scalpitare:0.5103307366371155 scalpitava:0.5006619691848755
