word,neighbors
scarpina,scarpinata:0.858098030090332 scarpinato:0.8507251143455505 sciarpina:0.7964274287223816 carpina:0.7761914730072021 scarpino:0.7483325004577637 scarpine:0.7472586631774902 arpina:0.7147555947303772 harpina:0.7028497457504272 scarpini:0.7009023427963257 scarpinocc:0.6994043588638306 carpinato:0.6921975016593933 scarpi:0.6337710618972778 medicarpina:0.6305352449417114 scarpia:0.5906670689582825 serpina:0.5866415500640869 scarpuccia:0.5685988664627075 scarpis:0.5670366883277893 pilocarpina:0.5665698051452637 scarpettini:0.5585947036743164 scarpetti:0.5560675263404846 scarpizzolo:0.5556526780128479 scorpina:0.5550243258476257 carpinella:0.5528304576873779 scarpiana:0.5520087480545044 scarpe»:0.5476274490356445 scarpuzzedda:0.5424694418907166 collanina:0.5380471348762512 scarpulla:0.5372481942176819 scarpiano:0.5346671938896179 topina:0.5303611755371094 macrocarpina:0.5264569520950317 calzaretta:0.5260037779808044 pizzidimonte:0.5258156657218933 antonellina:0.521338939666748 caspanello:0.5210675597190857 broccaindosso:0.5202542543411255 irpina:0.5198071599006653 carpinelli:0.5190650224685669 scarpetta:0.5190246105194092 rovoletto:0.518893837928772 spolverina:0.5183929800987244 scarpariello:0.517106294631958 marilina:0.51636803150177 scuffiara:0.5158345699310303 cenerentolo:0.5145609378814697 ritacca:0.5140754580497742 carpinetana:0.5139740705490112 scarpitti:0.51292884349823 formicone:0.5128716826438904 indina:0.5127074718475342 carpinello:0.5121860504150391 scarpette:0.5120589733123779 carpinese:0.5089435577392578 marzolina:0.5089371800422668 lucito:0.5078738927841187 bottoglia:0.5065827369689941 urpinara:0.5060158967971802 scarpone:0.5058944225311279 cascarano:0.5058483481407166 scarpitta:0.504264235496521 bastianello:0.5038284659385681 cividina:0.503726065158844 bradamante:0.5033553838729858 carpineta:0.5032167434692383 pamina:0.5031905174255371 monterone:0.502877414226532 bagnocavallo:0.5013200640678406 palmina:0.5012003183364868 carpineto:0.5011261701583862 sirello:0.5006051659584045 pterocarpina:0.5004550218582153
