word,neighbors
scarpa,scarparo:0.6952216029167175 controscarpa:0.6594086289405823 scarpari:0.6482033133506775 malascarpa:0.6220851540565491 scarpagnino:0.6211044788360596 scarpanti:0.6053141951560974 scarpat:0.5922214388847351 scarpatura:0.5872959494590759 scarpi:0.5869227647781372 mascarpa:0.585053563117981 scarpariello:0.5792184472084045 scarpato:0.5690668821334839 scarp:0.5605440139770508 scarpati:0.5504199266433716 scarpuccia:0.5267552137374878 scarpantoni:0.5243653059005737 scarpitti:0.5122281312942505 scarpone:0.5106719732284546 controscarpe:0.5084274411201477 scarpolini:0.5014991760253906 broccatelli:0.5012229681015015
