word,neighbors
scontrino,incontrino:0.788090169429779 scontrini:0.787797212600708 intrino:0.6159498691558838 entrino:0.6147587299346924 riscontrino:0.6073299646377563 contrini:0.5834410190582275 rientrino:0.5537488460540771 contrin:0.5443055033683777 sottraggano:0.532853364944458 subentrino:0.5299029350280762 intascano:0.5234448909759521 scontrare:0.5186195969581604 barattano:0.5129474401473999 aggrediscano:0.5108301043510437 puniscano:0.509189248085022 scontrone:0.5080747604370117 centrino:0.5038984417915344 feriscano:0.5031960606575012 scontriamo:0.5004368424415588
