word,neighbors
servo,servitore:0.7249734997749329 servitor:0.5686520934104919 mendicante:0.5619540810585022 padrone:0.5582728981971741 sacerdote:0.5522794127464294 servi:0.5500203371047974 prete:0.5457898378372192 ingannatore:0.5451754927635193 adoratore:0.526600182056427 servo»:0.524406909942627 paggio:0.5223963260650635 schiavo:0.5213360786437988 serva:0.5190249681472778 coppiere:0.5189468264579773 servodio:0.5086979269981384 servitori:0.5075269341468811 colui:0.5059019923210144 gnorante:0.5047178864479065 mugnaio:0.5044516921043396 servitù»:0.5031479597091675 carceriere:0.50300532579422 castigatore:0.5027845501899719 dio:0.5019186735153198 costui:0.5011873245239258 supplicante:0.5010125637054443 sacerdote»:0.5009869933128357
