word,neighbors
spina,spinata:0.5903799533843994 dorsale:0.5785692930221558 interdorsale:0.5664511919021606 spinabella:0.5662504434585571 spinaroni:0.5622812509536743 spinalba:0.5614741444587708 spinapesce:0.5497103333473206 spinasanta:0.5458058714866638 spinario:0.5311447978019714 toracodorsale:0.5262107849121094 spinaguzza:0.5117937326431274 spinati:0.5117861032485962 spinacorona:0.5097273588180542 spine:0.5092306137084961 spinate:0.5088467001914978 spinali:0.5079917907714844 spinardi:0.507851243019104 cervelletta:0.5065004825592041 spinaroli:0.5033765435218811 spinato:0.502622127532959 patella:0.5023977160453796
