word,neighbors
tappeto,battitappeto:0.7205555438995361 tappetto:0.7020401954650879 tappete:0.6825645565986633 tappetti:0.6361538767814636 tappetino:0.6001414060592651 tappeti:0.5591341257095337 tappetini:0.534898042678833 chokeslam:0.5257834792137146 trappeto:0.5026568174362183
