word,neighbors
tavolo,tavoli:0.7372563481330872 tavolone:0.6678894758224487 tavolo»:0.6364440321922302 tavolini:0.6269320845603943 tavoloni:0.6240887641906738 stavolo:0.61691814661026 tavolinetto:0.5782608985900879 tavolino:0.5661529302597046 scrivania:0.5598732233047485 sedie:0.5584825873374939 biliardo:0.5381785035133362 tavolata:0.5259459614753723 gioco:0.5187786817550659 wargames:0.5185292959213257 sottobicchiere:0.5183671116828918 vassoio:0.518329918384552 tavoleria:0.5152927041053772 boccette:0.5150476098060608 tavolinetti:0.5099061131477356 fittavolo:0.508400559425354 wargame:0.5055890083312988
