word,neighbors
taxi,autobus:0.6243399381637573 taxiway:0.6041598320007324 scuolabus:0.5977373123168945 taxisti:0.5806056261062622 taxiing:0.5802010893821716 taxicab:0.5783854126930237 autista:0.5769224166870117 camion:0.5745409727096558 pullman:0.5726691484451294 volabus:0.5665972828865051 parcheggiato:0.5481477379798889 tassì:0.5476211905479431 taxista:0.5462065935134888 parcheggiata:0.5443083047866821 parcheggia:0.5427626371383667 autonoleggi:0.5420276522636414 autonoleggio:0.5402812957763672 mototaxi:0.5386191606521606 furgone:0.5361856818199158 taxxi:0.5346448421478271 parcheggiando:0.529732346534729 parcheggiare:0.5286219120025635 cabtaxi:0.524607241153717 parcheggiano:0.5238791108131409 aerotaxi:0.5238044857978821 furgoni:0.5236038565635681 parcheggio:0.5231658220291138 metrò:0.5219831466674805 tassista:0.5216211676597595 camionista:0.5214471220970154 parcheggiatore:0.5197538733482361 parcheggi:0.5159339904785156 tram:0.514407753944397 passeggerial:0.5137828588485718 furgoncino:0.5136369466781616 ambulanza:0.5135437846183777 autobuses:0.5132900476455688 parcheggiati:0.5103274583816528 passeggeri/cargo:0.5088205337524414 camionisti:0.5073127746582031 pulmino:0.5069575905799866 autopullman:0.5068538188934326 taxibus:0.5067266821861267 autozug:0.5064365863800049 motel:0.5062863826751709 parcheggiatori:0.5062248706817627 furgoncini:0.5059153437614441 vagone:0.5049828886985779 taxidrivers:0.5038869976997375 camions:0.5024104118347168 parcheggiate:0.5022060871124268 pullmino:0.5015347003936768 taxim:0.5014809966087341 roulotte:0.5000885725021362
