word,neighbors
terra,"terra,:0.6309179663658142 terra»:0.5735931396484375 ‘terra:0.5688760280609131 terra…:0.5528018474578857 terrax:0.5145224928855896 pianeta:0.5126815438270569 terraformata:0.5085933804512024 terrestre»:0.5072686672210693 terraformato:0.504548966884613 terrestri:0.5001494884490967"
