word,neighbors
tifone,tifonet:0.7230213284492493 stifone:0.6562319397926331 tifoni:0.6541190147399902 clitifone:0.5589332580566406 supertifone:0.5477510690689087 fulmine:0.5378179550170898 tisifone:0.5373339653015137 nubifragio:0.5340133309364319 tifeo:0.5303850173950195 megatsunami:0.5232878923416138 cassifone:0.5154010057449341 fortunale:0.5108150243759155 typhoon:0.5074111819267273 uragano:0.5067318081855774 kuragano:0.5043966770172119 maremoto:0.5032045245170593 tornado:0.5025259256362915 haiyan:0.5007315874099731 callifone:0.5006198883056641
