word,neighbors
tigre,tigrex:0.7247817516326904 tigrero:0.7143985033035278 tigresa:0.6894434094429016 tigre»:0.6681862473487854 tigrerra:0.6605221033096313 leopardo:0.6409786939620972 tigris:0.6320315599441528 giaguaro:0.6194721460342407 tigri:0.6118462681770325 coguaro:0.6049336194992065 tigrillo:0.5901954174041748 ghepardo:0.5882006883621216 tiger:0.5775913000106812 leopardos:0.5761309862136841 leoparda:0.5717654228210449 tigres:0.5610823035240173 coccodrillo:0.5610380172729492 panthera:0.5583295226097107 leopardon:0.554084837436676 tigress:0.5537723302841187 鹤:0.5485876798629761 puma:0.5439766049385071 tigrisoma:0.542316198348999 tigrigna:0.5398224592208862 guaro:0.5388715267181396 roccodrillo:0.5367790460586548 grizzly:0.5360137820243835 leopards:0.5359033346176147 cangura:0.5349615216255188 zebra:0.53395676612854 scimmia:0.5331764817237854 leopardato:0.533105731010437 pantera:0.5284330248832703 panda:0.5268914103507996 jungla:0.5259032845497131 elefante:0.5258939266204834 ligre:0.5247387886047363 leopardata:0.5232368111610413 lupo:0.522554337978363 tigrotto:0.5215907692909241 furetto:0.5214294195175171 tigrato:0.5213990211486816 leopardessa:0.5208753943443298 elefantessa:0.5203399658203125 liligre:0.5201792120933533 tigrata:0.5187706351280212 rinoceronte:0.5184645056724548 tigros:0.5181846618652344 tigra:0.5168291330337524 gorilla:0.5160500407218933 giungla:0.5156552791595459 tigridio:0.515177309513092 lince:0.5140173435211182 tigrottoom:0.5122320652008057 rosatigre:0.5110176205635071 leopardus:0.5109838843345642 tigré:0.5103181004524231 tigrett:0.5095112323760986 felini:0.5090264678001404 elefantes:0.5086637139320374 cang:0.508391797542572 babbuina:0.5081741213798523 giaguari:0.5077891945838928 dugong:0.5077850222587585 leopardo»:0.5075400471687317 tigrotta:0.5073894262313843 alligatore:0.5050990581512451 ruggisce:0.5048257112503052 antilope:0.5040583610534668 鹿:0.5019043684005737 iena:0.5016033053398132
