word,neighbors
tigrotto,tigrotta:0.8898606300354004 tigrotti:0.8867664933204651 tigrottoom:0.8660343885421753 pigrotto:0.7482728958129883 tigro:0.7210128903388977 tigros:0.619672954082489 tigrovaya:0.5613757371902466 negrotto:0.5547346472740173 protto:0.5319602489471436 sandokan:0.5275688767433167 tigra:0.5248902440071106 tigroide:0.5244777798652649 tigrillo:0.522539496421814 tigre:0.5215907096862793 mompracem:0.5192456841468811 grotto:0.5148249864578247 paperotto:0.5095428228378296 tigri:0.507451593875885 tigrex:0.5027098059654236
