word,neighbors
trama,"sottotrama:0.708251416683197 trame:0.6452833414077759 narrazione:0.6408300399780273 →trama:0.6093632578849792 sottotrame:0.6037635803222656 rinarrazione:0.574107825756073 intreccio:0.5608826279640198 finzione:0.5608331561088562 ambientazione:0.5578819513320923 gameplay:0.5503351092338562 episodipersonaggi:0.547283947467804 prequel:0.5447947978973389 vicenda:0.5413094162940979 romanzata:0.5398069620132446 narrativi:0.5394961833953857 narrativo:0.5341353416442871 narrata:0.5338752269744873 intradiegetica:0.5317056179046631 →personaggi:0.5284264087677002 off/prequel:0.5276289582252502 personaggia:0.5267860889434814 gameplayer:0.5263755321502686 intradiegetico:0.5255846381187439 narrati:0.5244236588478088 personaggi,:0.5237848162651062 personaggiepisodi:0.5231492519378662 personaggi»:0.521431565284729 narratività:0.5213208794593811 metanarrazione:0.5169419050216675 personaggi:0.5144954323768616 prequel/sequel:0.514194905757904 narrate:0.5125769376754761 sottotraccia:0.5115975737571716 dipanarsi:0.5092219114303589 pk/personaggi:0.5063433051109314 autoconclusiva:0.505978524684906 videogioco/film/libro/fumetto:0.5051591396331787 personaggini:0.5047236084938049 dipana:0.5040502548217773 ambientazioni:0.5028843283653259 antefatto:0.5016540288925171 farsesca:0.5008088946342468 ordito:0.5007978677749634"
