word,neighbors
tramonto,tramonto»:0.7941421270370483 tramontone:0.763515293598175 sorgere/tramonto:0.7007078528404236 tramonta:0.6845930218696594 tramontozzi:0.6813657879829407 tramontò:0.6523676514625549 tramont:0.6453057527542114 tramontare:0.6422713994979858 tramontato:0.6256265044212341 tramontata:0.6232532262802124 tramontando:0.6166680455207825 tramontano:0.6147485375404358 tramontane:0.6039159893989563 tramontate:0.5987298488616943 crepuscolo:0.598211944103241 tramontana:0.5980414748191833 tramontati:0.5930647850036621 tramontani:0.5808661580085754 tramonte:0.5766956806182861 tramontante:0.5736806988716125 tramontava:0.57000732421875 alba:0.5648667216300964 crepuscolare:0.5595338344573975 crepuscoli:0.5521116256713867 crepuscolo»:0.536780834197998 tramonti:0.528492271900177 tramond:0.5281510949134827 mezzanotte:0.5216702222824097 tramontina:0.5186831951141357 crepuscolarismo:0.5181968212127686 tramone:0.517998218536377 crepuscolari:0.514277994632721 mattino:0.5130822658538818 imbrunire:0.5093136429786682 tramonet:0.5084820985794067 tramontarono:0.5061712265014648 tramontini:0.5047062635421753 tramonterà:0.5014148950576782 calar:0.5005491971969604
