word,neighbors
vantaggio,vantaggio/svantaggio:0.7778611183166504 svantaggio:0.7769587635993958 vantaggi/svantaggi:0.7265963554382324 vantaggio»:0.6890225410461426 risultato/vantaggio:0.6610957384109497 svantaggia:0.6315054893493652 svantaggiando:0.6204777359962463 svantaggiato:0.6179989576339722 vantaggiato:0.6152293682098389 vantaggi:0.6088050603866577 svantaggiare:0.6049643158912659 svantaggi:0.5859203934669495 vantaggiosa:0.5820027589797974 immunità/vantaggio:0.5785895586013794 vantaggiosissimo:0.5690712928771973 vantaggiosamente:0.5650790929794312 avantaggiato:0.5607843995094299 svantaggiata:0.5592555999755859 vantaggiosi:0.5531672835350037 vantaggiose:0.5505340695381165 pareggiare:0.5463525056838989 svantaggiosa:0.5415085554122925 vantagi:0.5413100719451904 rimontare:0.5344814658164978 vantaggioso:0.5331665873527527 piantaggio:0.5308904647827148 pareggiarne:0.5303273797035217 momentaneo:0.5261503458023071 rimonta:0.524215817451477 svantaggiose:0.5232288241386414 svantaggioso:0.5214847922325134 svantaggiosi:0.5203236937522888 svantaggiate:0.5184308290481567 svantaggiati:0.5161069631576538 pareggio:0.5151849985122681 pareggiamento:0.5101970434188843 inseguitrice:0.5083318948745728 contropiede:0.5037313103675842 erezione:0.5021228194236755 inseguitore:0.5007275342941284 inseguitrici:0.5006619691848755
