word,neighbors
vanto,orgogliosissimo:0.5965856909751892 vantone:0.5758094787597656 orgogliosamente:0.5527955889701843 splendidezza:0.551223874092102 orgogliosi:0.5501062870025635 invidiare:0.5477229952812195 inimitabile:0.5443974733352661 vantarsi:0.5431562662124634 lodevolissimo:0.5431311130523682 lodevolissima:0.5416411757469177 indiscutibile:0.5407257676124573 ammirevole:0.5406634211540222 orgoglio»:0.5387420654296875 pregevolissimo:0.5335234999656677 pregiatissima:0.5328671932220459 pregiatissimo:0.5327263474464417 lodatissimo:0.5317793488502502 lodatissima:0.5302971601486206 lecitissimo:0.528894305229187 meritevolissimo:0.5287207961082458 rispettabilissimo:0.5277900099754333 pregevolissima:0.5275340676307678 orgoglioso:0.5273452997207642 invidiamo:0.5264387130737305 meritevolissima:0.5259208679199219 rispettabilissima:0.5242500901222229 magnificenza:0.5240538716316223 proverbiale:0.5207511186599731 schiettezza:0.5207271575927734 capziosità:0.5201088786125183 fierezza:0.5187354683876038 lecitissima:0.5185447335243225 vantarne:0.5168403387069702 temerità:0.5160031914710999 orgogliosa:0.513317346572876 modestia:0.5126028656959534 indiscutibilmente:0.5119106769561768 rispettatissimo:0.511141300201416 pregevolissimi:0.5100799202919006 tanto:0.5100585222244263 doverosamente:0.5088034272193909 generosità»:0.5087352395057678 squisita:0.508367657661438 pregiatissimi:0.507301390171051 indiscussa:0.506391704082489 operosità:0.5058139562606812 innegabile:0.5055425763130188 invidiabile:0.5054442882537842 rispettabilissimi:0.5051169991493225 giovato:0.5050835609436035 invidiato:0.5050340890884399 esalto:0.5050255060195923 umilissimo:0.5049538016319275 autorevolissima:0.5046771764755249 autorevolissimo:0.5039563775062561 eccelsamente:0.5038526654243469 indubbiamente:0.5036838054656982 cotanta:0.5034682750701904 inimitabili:0.5033825635910034 godibilissima:0.503298819065094 ostentativo:0.5029714107513428 vantato:0.5029444694519043 orgoglio:0.5028200149536133 indubbio:0.5027146935462952 discutibilissimo:0.5022538900375366 invidio:0.501710832118988 ricchezza»:0.5005918145179749 operosamente:0.5005532503128052 tanta:0.5002826452255249 preziosità:0.5002749562263489 industriosità:0.5000300407409668
