word,neighbors
vela,vele:0.6554378867149353 imbarcazione:0.6272584795951843 barca:0.6167978048324585 velica:0.5908726453781128 windsurf:0.5825480818748474 velico:0.5693058371543884 catamarani:0.5663758516311646 barche:0.5658295154571533 nautico:0.5653667449951172 regata:0.5634954571723938 imbarcazioni:0.5623956918716431 catamarano:0.5615432858467102 canottaggio:0.5609036684036255 velicogna:0.5590682625770569 crociera:0.5511228442192078 bolina:0.5470973253250122 spinnaker:0.5449079275131226 veliche:0.5442948341369629 regatante:0.5439267158508301 velici:0.5385183691978455 canoa:0.5328793525695801 velieri:0.5317251086235046 kitesurf:0.529362142086029 gennaker:0.5260278582572937 windsurfing:0.523524284362793 kayak:0.5206893682479858 barcaggio:0.5200344324111938 /windsurf:0.5195026397705078 regate:0.5185259580612183 veliera:0.5170702934265137 diporto:0.5163743495941162 nautica:0.510634183883667 regatanti:0.5105518698692322 pagaia:0.5099613666534424 nautici:0.5077577829360962 regatato:0.5049877762794495 natante:0.5038843750953674 trinchetto:0.5033378005027771 velistica:0.5027437210083008 canotaggio:0.5024616718292236 prua:0.5023012757301331 catamaran:0.5011929869651794 canotto:0.5004871487617493
