word,neighbors
vigile,vigilessa:0.7082109451293945 vigilesse:0.687674343585968 vigilerà:0.6555865406990051 vigiles:0.6531857252120972 vigili:0.5792736411094666 vigilfuoco:0.569617748260498 sorvegliante:0.5603824257850647 vigilato:0.5487071871757507 sorvegliatissimo:0.5343949198722839 vigila:0.5336621403694153 sveglio:0.532753586769104 vigilo:0.5263397097587585 vigilatrice:0.5262696743011475 poliziotto:0.5210208296775818 vigilasse:0.5167340040206909 sorveglio:0.5150761604309082 pompiere:0.5125649571418762 vigilat:0.508333146572113 sorveglia:0.507774293422699 vigilante:0.5075695514678955 tempoliziotto:0.5068610906600952 vigilata:0.5051183104515076 sorvegliato:0.5048279166221619 sorveglianti:0.50468510389328 sorvegli:0.5018017292022705 autista:0.5009027123451233
