word,neighbors
vitto,alloggio:0.6349588632583618 servitto:0.6086782217025757 sussidio:0.606610894203186 stipendio:0.5723739862442017 viveri:0.5700581073760986 indigenti:0.5631465315818787 salario:0.5529521107673645 sostentamento:0.5528481006622314 bisognosi:0.5511482357978821 dispensario:0.548865795135498 stipendi:0.5457166433334351 ospitalità:0.5421733856201172 retribuire:0.5418900847434998 vettovaglie:0.5398958325386047 paghe:0.5376698970794678 pasti:0.5325550436973572 dispensari:0.5325533747673035 vettovagliati:0.5283135175704956 retribuzione:0.526032030582428 stipendo:0.5243178009986877 vestiario:0.5220432877540588 vettovagliamento:0.5218543410301208 indennità:0.5211968421936035 paga:0.5204229354858398 sussidi:0.517028272151947 abbisognino:0.5169264078140259 retribuiva:0.5169225335121155 foraggiamento:0.5133618712425232 lauto:0.512985348701477 pagarsi:0.5129578709602356 retribuito:0.5118616819381714 dispensato:0.5101853609085083 retribuzioni:0.5099397897720337 emolumenti:0.5099337100982666 denaro:0.5073997378349304 cibo:0.5072096586227417 pigione:0.5067397356033325 elargizione:0.5051138997077942 elargizioni:0.5048866868019104 donativi:0.5031545162200928 indigente:0.5028582215309143 lauti:0.502755343914032 dispensa:0.5018248558044434 convitto:0.5011718273162842 dispenso:0.5011083483695984 ricovero:0.5010406970977783 alloggi:0.5006213188171387 colavitto:0.5006055235862732 dispensare:0.5000222325325012
