word,neighbors
abitudine,disabitudine:0.7015471458435059 abitui:0.6541630625724792 usanza:0.6523746848106384 abituè:0.6427769660949707 abituino:0.6352822780609131 abituò:0.6083371639251709 consuetudine:0.6015870571136475 abitudini:0.5992205142974854 abitua:0.5919398069381714 abitudinarietà:0.5814759731292725 abituazione:0.5802121758460999 abituro:0.5640754103660583 abitudinari:0.5635581612586975 abitualità:0.5607457160949707 abitudinaria:0.5591427087783813 abituato:0.5554166436195374 abitudinarie:0.5542499423027039 abituasse:0.5537152886390686 divertiva:0.5488253831863403 abituava:0.5476782917976379 abitué:0.5474185347557068 solita:0.5466421246528625 abbacchiare:0.5437570810317993 abituri:0.5383254289627075 abitudinario:0.5377219915390015 abitudinariamente:0.5363311767578125 smodatamente:0.5340328216552734 invalso:0.533266544342041 abituata:0.5331546068191528 abituare:0.5295978784561157 solevano:0.5293130874633789 tendenza:0.5290194749832153 abituassero:0.5270546674728394 soleva:0.5260201096534729 soliti:0.523078441619873 preferisse:0.5225852727890015 abituando:0.5214175581932068 divertendosi:0.5202785134315491 divertivano:0.5200837850570679 scherzosità:0.5191183686256409 abituati:0.518972635269165 preferivi:0.5168868899345398 divertendo:0.515407383441925 autoinvitarsi:0.5142902731895447 diverta:0.513146162033081 preferireste:0.5124602913856506 diverte:0.5124287009239197 impressione:0.5104792714118958 vergognavano:0.5104672908782959 preferissero:0.5102335214614868 perfino:0.5098332762718201 istintivamente:0.5093745589256287 sconsigliavano:0.5090541243553162 smettessi:0.5076832175254822 impertinenza:0.5072308778762817 divertirsi:0.506140410900116 preferiscono:0.5057684779167175 domestichezza:0.5051780343055725 cosuetudine:0.504912257194519 ingordigia:0.5045474171638489 abituarmi:0.5041710734367371 invitavo:0.503121554851532 sgarbatezza:0.5026397109031677 solito:0.5024887323379517 indolenza:0.5023617744445801 abituate:0.5020087957382202 ossessione:0.5017232298851013 incominciavano:0.5014795660972595 propensione:0.5011209845542908
