word,neighbors
arco,archi:0.5526641607284546 trionfale:0.5319163203239441 archiacuto:0.5215491652488708 quadrifronte:0.5112864971160889 arcone:0.5103710889816284
