word,neighbors
astro,astroboy:0.6303889751434326 astron:0.6119425296783447 astri:0.5986140370368958 astrof:0.5902068614959717 stella:0.5840427875518799 astroblema:0.5802649855613708 astroph:0.5658705234527588 astrop:0.5606863498687744 astroverme:0.5566352605819702 apoastro:0.5556894540786743 astroid:0.5545289516448975 astroide:0.5516045689582825 astrosmash:0.5489839315414429 astroni:0.5466144680976868 astronio:0.5458869338035583 astrobasi:0.5450156331062317 astrom:0.5447337627410889 astropuffo:0.5442917943000793 fomalhaut:0.543483316898346 astrobarca:0.5425910949707031 astroman:0.5397162437438965 circumplanetario:0.5364471077919006 stelle:0.5364093780517578 astrodroide:0.5349435210227966 astroburn:0.5305274128913879 stellare:0.5295283198356628 astrobase:0.5280038714408875 planetoide:0.5250213742256165 astrophe:0.5243403315544128 astrophel:0.5241692066192627 astrophil:0.5210834741592407 astrogatto:0.5198104381561279 astromega:0.5191571712493896 astrofila:0.5172122716903687 astromostri:0.5169289112091064 astrovelivolo:0.5167796611785889 eridani:0.5167044401168823 planetaria:0.5165298581123352 astrorobot:0.515317440032959 astrophys:0.5149605870246887 astr:0.514700174331665 astroidale:0.5139539241790771 protoplanetario:0.5128998756408691 pianetino:0.5123786330223083 protoplanetaria:0.5122960209846497 supernova:0.5093507766723633 astronema:0.5067842602729797 astreo:0.5059201717376709 astria:0.5055848360061646 astrovia:0.505500853061676 supergalassia:0.5048390626907349 astrovan:0.5044398903846741 astroschegge:0.5043186545372009 stella»:0.5042926073074341 cassiopeiae:0.5034567713737488 superstella:0.5027627944946289 esopianeta:0.5026599764823914 astropyga:0.5022512674331665 ophiuchi:0.5020814538002014 pianetoide:0.5018397569656372 pianeti:0.5008723735809326 algenubi:0.5008217096328735 astrometrica:0.5002272129058838
