word,neighbors
bara,tomba:0.5613464117050171 feretro:0.5546595454216003 bare:0.5520068407058716 salma:0.5459335446357727 cadavere:0.5358400344848633 seppellirla:0.5225304961204529 seppellita:0.5212046504020691 seppellisse:0.514202356338501 seppellisca:0.5107097029685974 seppellirci:0.5069296956062317 riseppellita:0.5066983103752136 seppellisco:0.5044763088226318 seppelliva:0.5033997893333435 disseppellita:0.5012413859367371 seppellirle:0.5002323985099792
