word,neighbors
barella,sbarella:0.7806271910667419 barello:0.7547736763954163 barelle:0.7166317105293274 barelli:0.7139353156089783 barellai:0.7007275819778442 barellis:0.6858525276184082 zumbarella:0.6602141857147217 barelliere:0.6556427478790283 barellieri:0.6477600932121277 gambarella:0.6333723664283752 ambarella:0.6266592144966125 barelone:0.610399603843689 barel:0.6091495156288147 arbarella:0.597721517086029 albarella:0.5953459143638611 barela:0.5834291577339172 ambulanza:0.5825357437133789 robarello:0.5649517178535461 soccorritore:0.5391066074371338 eliambulanza:0.5386750102043152 infermeria:0.5375463366508484 barelawī:0.5335733294487 mortarella:0.5334916114807129 arella:0.5319743156433105 ammanettata:0.5313968062400818 malore:0.5303489565849304 contuso:0.5297436118125916 medichetta:0.5256397128105164 acella:0.523828387260437 accasciarsi:0.5233491659164429 capparella:0.522902250289917 zabarella:0.5190149545669556 autoambulanza:0.5184210538864136 ammanettato:0.5178384184837341 svenuto:0.5164394974708557 esanime:0.5159332752227783 barbarella:0.5157152414321899 sanguinante:0.5151805281639099 soccorrendolo:0.5144721865653992 soccorritori:0.5136085152626038 sfracella:0.5135678648948669 tombarello:0.513428807258606 accasciata:0.5097564458847046 ammanetta:0.508953332901001 contusi:0.5081925988197327 tarella:0.5079355239868164 sedia:0.50779128074646 accoltella:0.5075702667236328 soccorrerlo:0.5071631669998169 automezzo:0.5070946216583252 portaombrelli:0.5067618489265442 ginocchiera:0.5063199996948242 poliambulanza:0.5059632062911987 cucchiarella:0.5040920972824097 contusione:0.5037761926651001 spogliatoi:0.503579318523407 portatolo:0.5034030079841614 barelvi:0.5029379725456238 bareli:0.5028079748153687 ammanettati:0.5024277567863464 stampella:0.5024113655090332 gabarello:0.5021054744720459 schienalino:0.5019875168800354 gambarelli:0.5017960071563721 spalla:0.5015508532524109 paraschiena:0.5012781023979187 schiena:0.5007787942886353 ferrarella:0.5006844401359558
