word,neighbors
baro,baroyari:0.5317253470420837 baroy:0.5276897549629211 barom:0.5074422359466553
