word,neighbors
barracuda,barracudas:0.8862913846969604 barracudina:0.7897746562957764 baracuda:0.7644270062446594 airacuda:0.7565951347351074 barracudasaurus:0.5884750485420227 barracu:0.5842412114143372 barracudasauroides:0.5829092860221863 scorpionfish:0.5530950427055359 tonnoir:0.5299720764160156 sparrowhawk:0.521672785282135 tigerfish:0.519275963306427 dogfish:0.5183241963386536 lizardfish:0.5131330490112305 shark:0.5078628659248352 silverfish:0.5071224570274353 codfish:0.5059237480163574 pupfish:0.5035833716392517 sharkman:0.5029281377792358 stingray:0.5020893216133118 escorpion:0.5007787346839905 sawfish:0.5004051327705383
