word,neighbors
barra,"/barra:0.6384132504463196 darkgreen:0.6147013902664185 rgb:0.6022819876670837 darkgrey:0.5924394130706787 darkgray:0.5923690795898438 $markgreen:0.589348554611206 lightgray:0.580398678779602 lightgrey:0.5803638100624084 nobarra:0.5792407393455505 lightgreen:0.5783923864364624 line,lighttext:0.567336916923523 lighttext:0.5638179779052734 brightgreen:0.5620524883270264 value:0.5390649437904358 id:0.5313982963562012 _gb:0.5288615226745605 ybarra:0.5254269242286682 ,$height:0.5253102779388428 album_in_studio:0.5243977308273315 antirollio:0.5163828730583191 /game/:0.5137009024620056 palegray:0.5125277638435364 org/show_bug:0.5121876001358032 ipod_touch_:0.512090265750885 debug_value:0.5107277035713196 rgbg:0.5091971755027771 %width:0.5085920691490173 bottomright}}:0.5074787139892578 table_align:0.5067575573921204 _af_numbersonwhite:0.50531005859375 pixelvalue:0.5049073100090027 ,$ys}v:0.502586841583252 _resize:0.5020204186439514 primapulsante:0.5017903447151184 org/r/#/c/:0.501496434211731 //bugzilla:0.5009796619415283"
