word,neighbors
boccia,bocciano:0.6498193144798279 bocciarelli:0.6355636119842529 bocciarda:0.6325862407684326 bocciamo:0.6283921003341675 bocciata:0.6112069487571716 bocciare:0.6093159914016724 bocci:0.6075157523155212 bocciava:0.6022337079048157 bocciando:0.5968818664550781 bocciardata:0.589061439037323 bocciardo:0.5881960391998291 bocciarla:0.5782291889190674 boccito:0.5730108618736267 bocciato:0.5730027556419373 bocciarlo:0.5686759948730469 voccia:0.5685945153236389 boccianti:0.5645192265510559 toccia:0.5615596175193787 bocciai:0.5574777126312256 boccio:0.5560835003852844 soccia:0.5493432283401489 nuoccia:0.5474370121955872 bisicchia:0.5471283793449402 turigliatto:0.5443923473358154 bocciate:0.5432592630386353 bocciatura:0.5422183275222778 mattoccia:0.5355154871940613 boccini:0.5351414084434509 saccoccia:0.5332701206207275 bocciolini:0.5299720168113708 boccista:0.5258749127388 bocciati:0.5256670117378235 mafariello:0.5213782787322998 pisciariello:0.5194330215454102 boccione:0.5180023908615112 fassino:0.5146906971931458 bocciardatura:0.512642502784729 moccia:0.5119487643241882 chiariello:0.5111871957778931 tamburrano:0.5100501179695129 loccia:0.507871150970459 tufariello:0.507858395576477 pomicioni:0.504052996635437 piscitelli:0.5038308501243591 guarriello:0.5038205981254578 fariello:0.5024197697639465 polverini:0.5019714832305908 catozzella:0.5017111897468567 coccia:0.5003893375396729 cannavota:0.5002177953720093
