word,neighbors
bottino,bottino»:0.6444023847579956 bottini:0.6144563555717468 marabottino:0.582497775554657 ingente:0.5728787183761597 ricchezze:0.5716610550880432 carabottino:0.565601646900177 saccheggiarlo:0.5579847097396851 denaro:0.5573830008506775 depreda:0.5573215484619141 saccheggio:0.5552111864089966 robottino:0.5539024472236633 saccheggiare:0.5476707220077515 gruzzolo:0.5419799089431763 depredarlo:0.541531503200531 depredare:0.5392839312553406 lottino:0.5364609360694885 depredate:0.5355316400527954 saccheggiarle:0.5347203612327576 riscatti:0.5344954133033752 saccheggiarne:0.5332977175712585 depredando:0.5330464839935303 depredandoli:0.5315186977386475 riscatto:0.530128002166748 bottinelli:0.5299893617630005 lingottino:0.5299005508422852 depredandole:0.5284815430641174 depredandola:0.527292788028717 depredarli:0.5272385478019714 accaparrarseli:0.5259138345718384 riscattarlo:0.5251429677009583 saccheggiato:0.5245440006256104 riscattarli:0.5240458846092224 zottino:0.5223872065544128 bottin:0.5220824480056763 saccheggiandolo:0.5220350623130798 depredarne:0.521940290927887 depredarla:0.5218022465705872 depredamento:0.5216288566589355 saccheggiandoli:0.5205895304679871 danaro:0.519908607006073 saccheggiarla:0.5197328925132751 averi:0.5184462666511536 riscattare:0.5160995125770569 depredandone:0.5157426595687866 saccheggiandole:0.5127496719360352 saccheggiatori:0.5123286843299866 spartirsi:0.5068845748901367 saccheggiati:0.5063003897666931 accaparrandosi:0.506155788898468 riscattarne:0.5061324834823608 vettovaglie:0.5061022639274597 ottino:0.5051609873771667 saccheggia:0.503899872303009 saccheggiandola:0.5038710832595825 accaparrarselo:0.5029397010803223 racimolando:0.5027527213096619 pattuito:0.5024521946907043 depredato:0.5021967887878418 spartirsene:0.5019015073776245 pottino:0.5016999840736389 depredava:0.5013193488121033 riscattarla:0.5011852383613586 riscattandosi:0.5006118416786194 depredati:0.5002337098121643
