word,neighbors
branda,peranda:0.6381568312644958 brandano:0.6280465722084045 fontebranda:0.6247078776359558 brandagamba:0.6218594312667847 brandali:0.611365556716919 brandacci:0.6088569164276123 brandacujun:0.6058679223060608 granda:0.6012442111968994 brandanu:0.5929862260818481 pranda:0.5884020328521729 brandao:0.5829611420631409 ildebranda:0.5749748945236206 turanda:0.5701473951339722 brandan:0.5669265985488892 parranda:0.557343065738678 brandani:0.5565853118896484 brandaglia:0.556499719619751 brandale:0.552920937538147 brandau:0.5425465106964111 randa:0.540892481803894 dranda:0.5367465615272522 brandino:0.5364943742752075 castiglioni:0.5324494242668152 moranda:0.5316073894500732 miseranda:0.5306651592254639 oranda:0.5304098129272461 cavalchini:0.5278297066688538 boccamazza:0.5235978364944458 cavalchino:0.521595299243927 stranda:0.5157815217971802 controranda:0.5143276453018188 gheranda:0.5126416683197021 ferranda:0.5120581388473511 boccamazzi:0.5093199610710144 munerotto:0.5083785653114319 veneranda:0.5078932642936707 veranda:0.5069455504417419 buonaventura:0.5063372254371643 capoccetta:0.501276969909668
