word,neighbors
calco,calchi:0.6023836731910706 calcone:0.5937512516975403 ricalco:0.5636175870895386 calcoteca:0.5620408058166504 calcocondiles:0.5310944318771362 decalco:0.530747652053833 calconi:0.5292459726333618 comalcalco:0.5188681483268738 gesso:0.5101654529571533 calchesio:0.5039090514183044 calcomenite:0.5022510290145874
