word,neighbors
campana,campanale:0.7463971376419067 campana»:0.7267040014266968 campanal:0.7207862734794617 campanassa:0.7029722332954407 campanara:0.6978279948234558 campane:0.6953256726264954 campanon:0.6862761974334717 campanar:0.684928834438324 nottecampana:0.6832844018936157 campanati:0.6828051805496216 campanone:0.6809161901473999 pampana:0.6765851378440857 campanasissa:0.6732433438301086 kampana:0.6681646704673767 campanas:0.6664323210716248 campanato:0.6629623770713806 campanari:0.6590115427970886 campanaro:0.6585467457771301 campanae:0.6552939414978027 campanea:0.6457508206367493 campanario:0.6335487961769104 campanatura:0.6333619952201843 càmpana:0.630812406539917 campan:0.6297844052314758 campanarello:0.6218392848968506 campanaria:0.6175586581230164 campanarazzu:0.6102421283721924 campanetta:0.6074793338775635 campaner:0.6040744781494141 scampanata:0.5990126132965088 campanaccio:0.5893519520759583 campanadas:0.587921679019928 campano+:0.5867560505867004 campanacci:0.5865678191184998 campanito:0.584583580493927 campanelle:0.5825380682945251 campanedda:0.581596851348877 campanelli:0.5791999697685242 campanella:0.5776182413101196 campanarie:0.5770035982131958 campanello:0.5690917372703552 campansi:0.5681268572807312 campanelliana:0.5627699494361877 campanellina:0.561374843120575 campanozzi:0.5531755089759827 campanellino:0.5480182766914368 campanellini:0.5470567345619202 rifusa:0.5451952815055847 tympana:0.5446102023124695 campanelles:0.543501079082489 rintocchi:0.5386093258857727 campanila:0.5130149126052856 campanelline:0.5085553526878357 campanino:0.505383312702179 campaniletti:0.5035447478294373 campanil:0.5009714365005493
