word,neighbors
cappa,cappanni:0.6238869428634644 cappannini:0.5945665836334229 capparelli:0.5746183395385742 cappanera:0.5694412589073181 cappagli:0.5692459344863892 cappannelli:0.5609768629074097 capparella:0.5585315227508545 cappay:0.5555267930030823 capparozzo:0.5519061088562012 capparoni:0.5449962019920349 cappozzo:0.5429868102073669 cappe:0.5414100885391235 cappai:0.5339505076408386 tunichetta:0.5334741473197937 giacchio:0.533151388168335 guantini:0.5252591371536255 giacchetta:0.5251555442810059 mantelli:0.5239988565444946 cappato:0.5216813087463379 mantella:0.5216386914253235 cappellino:0.5214089155197144 camaglio:0.5199628472328186 mantellini:0.5149857401847839 capparone:0.5106557607650757 mozzetta:0.5094931125640869 giacchia:0.5091878771781921 visiera:0.5075010061264038 cappuccio:0.5064584016799927 berretta:0.5058320760726929 cappellini:0.5025562644004822 cappatura:0.5022569298744202 cocchiume:0.5001658797264099
