word,neighbors
capriola,capriole:0.8258572816848755 capriol:0.8022365570068359 capriolanti:0.7399266362190247 capriolese:0.7019914984703064 capriolo:0.7018901109695435 caprione:0.6463835835456848 priola:0.6460753679275513 caprioli:0.6426790356636047 serracapriola:0.6242453455924988 saltella:0.5691444277763367 caprio:0.5618895292282104 piroetta:0.5581601858139038 saltello:0.5472952723503113 accovacciarsi:0.5411614179611206 giravolta:0.5393308401107788 saltapicchio:0.5378838181495667 roteano:0.5361602902412415 piroettando:0.5331164598464966 saltellando:0.5297198295593262 rotolare:0.5278632044792175 piroettare:0.5230692028999329 carriola:0.5222396850585938 trottole:0.521615743637085 piroette:0.5192670226097107 cavalcioni:0.5171440243721008 schivarne:0.5143417119979858 trottola:0.5143408179283142 schivare:0.5130525827407837 saltellano:0.5077632665634155 forbicella:0.5073328018188477 villapriolo:0.5050369501113892 accovacciandosi:0.5040100812911987 rotola:0.5037092566490173 vaccarezza:0.5030093789100647 afferrando:0.5015644431114197 donnone:0.5014793276786804 roteare:0.5013604164123535 sgaiattolare:0.5012370944023132 schivando:0.5005751848220825 tamburmaggiore:0.5000587701797485
