word,neighbors
carriera,carriera»:0.6831519603729248 carriere:0.6627439260482788 agonistica:0.6296132206916809 professionistica:0.6275303363800049 carrierà:0.6107243895530701 carrierra:0.6022157073020935 professionista:0.5960633754730225 carriero:0.5773442983627319 carrieristica:0.5728545784950256 carrierista:0.5719857215881348 sarriera:0.5503715872764587 militanza:0.5496788620948792 intrapreso:0.5474761724472046 intraprendendo:0.5471540093421936 carrierone:0.5438368320465088 intraprendere:0.5424715280532837 intraprende:0.5405676364898682 gavetta:0.5340068936347961 carriera_m:0.5334806442260742 professionalmente:0.5316331386566162 professionismo:0.5291898250579834 militando:0.5172858238220215 professionistici:0.515843391418457 intraprese:0.5102561712265015 intraprenderne:0.5091679096221924 intraprenderlo:0.5080897808074951 intraprenderla:0.5067276358604431 intraprendo:0.5065611600875854 esordendo:0.5062972903251648 carrieri:0.5052527189254761 collezionato:0.5048784017562866 intraprendervi:0.5038613080978394 concertistica:0.5033507943153381 debuttando:0.5009588003158569
