word,neighbors
cavia,cavie:0.6693916916847229 microcavia:0.5428800582885742 supersoldato:0.5427244901657104 caviar:0.541580855846405 vicktor:0.5230774283409119 iniettatole:0.5109289884567261 esperimenti:0.5077542066574097 iniettatogli:0.5071325898170471 infettarla:0.5060107111930847 iniettarlo:0.5054265856742859 iniettargli:0.5053130984306335 infettato:0.5048094987869263 siero:0.5043073892593384 laboratorio:0.5041528344154358 iniettarla:0.5033661723136902 iniettatagli:0.5031764507293701 infettarlo:0.502855122089386 addomesticarlo:0.5028480887413025 aurox:0.5020603537559509 phicorp:0.5015277862548828 caviaga:0.5011875033378601 triclops:0.5010281205177307
