word,neighbors
cavo,cavi:0.6536802053451538 coassiale:0.5806505084037781 coassialmente:0.5694635510444641 connettore:0.5642580389976501 canale:0.5520853996276855 cablate:0.5431222915649414 doppino:0.5429893136024475 cablato:0.5422265529632568 cablata:0.5421464443206787 cablatura:0.5414697527885437 cablati:0.5372118353843689 connetto:0.5353696346282959 disconnettore:0.5349386930465698 cavetto:0.5336142182350159 antenna:0.5321580767631531 cavetta:0.5277126431465149 connettori:0.5276537537574768 ricetrasmissione:0.5266041159629822 cablaggio:0.5265363454818726 satellitare:0.5245422720909119 coassiali:0.5242236256599426 ricablaggio:0.5239099860191345 morsetto:0.5233231782913208 ricetrasmettitore:0.5226606726646423 sintonizzabile:0.522386908531189 interconnettore:0.5214440822601318 sottocanale:0.5188849568367004 sintonizza:0.5167302489280701 telelatino:0.5154222846031189 trasmettitore:0.5146087408065796 coassialità:0.5142541527748108 canalino:0.5141435265541077 apparecchio:0.513537585735321 cablare:0.5130990147590637 omnidirezionale:0.5113726854324341 microfonico:0.5113535523414612 teleidraulica:0.5084471106529236 connetta:0.5079413652420044 videocapsula:0.5074314475059509 trasmetta:0.5062370896339417 connettoma:0.5058776140213013 canalsat:0.504273533821106 tubicino:0.5040583610534668 televiso:0.5034249424934387 trasmetto:0.5033084154129028 trasmittente:0.5024022459983826 cablecom:0.5022304058074951 connettevo:0.5021024942398071 microfonica:0.5017554759979248 microfonato:0.5015059113502502 spinotto:0.5012730360031128 monocanale:0.5005868077278137 ricetrasmittente:0.5002578496932983
