word,neighbors
cena,pranzo:0.6644139885902405 colazione:0.5974440574645996 cenato:0.5933220386505127 cenano:0.5923673510551453 cenare:0.5864330530166626 pranza:0.5838496685028076 ziggler:0.5680168867111206 banchetto:0.5635592341423035 serata:0.5570430159568787 pranzare:0.5424039959907532 summerslam:0.5423797965049744 cenation:0.5384953022003174 miz:0.5381497740745544 cenetta:0.5371607542037964 ryback:0.529685378074646 sera:0.5295999050140381 cenatio:0.5275605916976929 sheamus:0.5233052372932434 festa:0.5230879187583923 cenando:0.5222815871238708 raw:0.5202646851539612 cenone:0.5198845267295837 pranzato:0.5194510221481323 invitarlo:0.5101417899131775 dopocena:0.5097686052322388 scenata:0.5084611177444458 pranzi:0.5076398253440857 invitarla:0.5066333413124084 pranz:0.5036559104919434 cenette:0.503429651260376 ricevimento:0.5018033385276794 wrestlemania:0.5015118718147278
