word,neighbors
circo,circensi:0.5847867727279663 circhi:0.5778952240943909 idcirco:0.5753576755523682 circense:0.56689453125 trapezista:0.541800320148468 colosseo:0.5405810475349426 anfiteatro:0.5361251831054688 anfiteatrale:0.5303856730461121 astiteatro:0.5299910306930542 spettacolo:0.5260290503501892 trapezisti:0.5195217728614807 circus:0.5181156396865845 ‘teatro:0.5178773403167725 clown:0.5097182393074036 acrobata:0.5091546177864075 palcoscenico:0.5065130591392517 cirque:0.5032243132591248 palateatro:0.5008780360221863 acrobati:0.5006830096244812
