word,neighbors
conato,muconato:0.675817608833313 conaty:0.6656820774078369 conati:0.6536614298820496 conat:0.6484524011611938 cecconato:0.64389967918396 conativo:0.6186825633049011 cocconato:0.5823962092399597 marconato:0.5815641283988953 digluconato:0.5609516501426697 fonato:0.5546679496765137 gluconato:0.5496341586112976 zirconato:0.5343116521835327 conativa:0.5341900587081909 diaconato:0.5218276977539062 nonato:0.520961344242096 ipoaldosteronismo:0.5151495933532715 febarbamato:0.5081374645233154 leonato:0.5075235962867737 collegigliato:0.501761257648468 iperaldosteronismo:0.5002413988113403
