word,neighbors
corona,corone:0.6508073210716248 moncorona:0.6343397498130798 incorona:0.6298582553863525 corona»:0.5916328430175781 reggicorona:0.5774439573287964 coronazione:0.5684736371040344 coronas:0.5652427673339844 coronato:0.5625417232513428 orona:0.5577363967895508 scettro:0.5494861602783203 turrita:0.5405405163764954 coronda:0.5391531586647034 spinacorona:0.5388399958610535 monarca:0.538543164730072 coronat:0.5370567440986633 coronava:0.5370424389839172 coron:0.5331708192825317 corono:0.5314408540725708 scettri:0.5313888788223267 incoronato:0.52907794713974 mezzacorona:0.5203250050544739 incoronazione:0.5187057256698608 incoronatosi:0.5170096755027771 coronatura:0.5156370401382446 incoronati:0.5149691104888916 triregno:0.5132908821105957 trono:0.5093276500701904 regalìe:0.5059979557991028 coronatio:0.5038238763809204 alloro:0.5035815238952637 crucigero:0.5020408034324646 incoronazioni:0.5017277598381042 coronati:0.5014548301696777
