word,neighbors
corso,durante:0.5559579730033875 ‘corso:0.5210598707199097 susseguito:0.5208025574684143 prosieguo:0.5198674201965332 susseguendo:0.5029087662696838
