word,neighbors
delfino,delfino³:0.8862122297286987 delfinone:0.7521834373474121 delfinoni:0.749103307723999 candelfino:0.7280787229537964 gelfino:0.7126478552818298 delfine:0.7125740647315979 lagenodelfino:0.6728138327598572 delfinello:0.6699472665786743 lissodelfino:0.6474977135658264 delfin:0.644428551197052 delfinese:0.6170035004615784 delfinia:0.6155701875686646 delfini:0.6024538278579712 delfinul:0.5968441367149353 delfinide:0.5950114727020264 delfinio:0.5946954488754272 delfina:0.5927708745002747 delfines:0.591042697429657 delfinale:0.5851700901985168 delfinista:0.5529134273529053 olfino:0.5423433780670166 dalfino:0.5419901013374329 delfinidi:0.5364242196083069 valfino:0.5337119698524475 golfino:0.52949458360672 tursiope:0.5222986340522766 molfino:0.506710410118103 delfini/fabbri:0.5019634962081909 delfinario:0.5007213354110718
