word,neighbors
dogana,doganaccia:0.7590941190719604 doganale:0.7258297801017761 dogane:0.7171115875244141 doganali:0.7035377621650696 dogani:0.6985599994659424 doganella:0.6983414888381958 doganelle:0.669346034526825 doganieri:0.6685057878494263 ladogana:0.6621562242507935 doganiero:0.642063558101654 dogan:0.6362014412879944 doganiere:0.6253645420074463 dazio:0.6186036467552185 doganiera:0.617328405380249 dogania:0.6146990656852722 doganalista:0.6131771206855774 extradoganale:0.5878636240959167 extradoganali:0.5842230319976807 dazi:0.5754335522651672 gabella:0.5714846253395081 daziario:0.5679802298545837 daziaria:0.565319836139679 castradina:0.548617959022522 gabelle:0.5445248484611511 daziari:0.543293297290802 mercantini:0.5406032204627991 riscossione:0.5366085171699524 bogana:0.5285384058952332 traffiume:0.5265675187110901 mercanzie:0.5199134945869446 mercatale:0.516767680644989 daziale:0.5153378844261169 porticcioli:0.5152735710144043 dogancay:0.5140666365623474 mogana:0.5125710368156433 dügana:0.5120238661766052 postierla:0.5111657381057739 casello:0.5108776092529297 sdogana:0.5098762512207031 vedetta:0.5083943009376526 mercanzia:0.507746696472168 portonuovo:0.5060580372810364 darsena:0.5060098767280579 treggiaia:0.5051081776618958 mercatanti:0.5040474534034729
