word,neighbors
equo,equosolidale:0.6663987040519714 equa:0.6179664134979248 equosolidali:0.6126963496208191 solidale:0.578740656375885 equolo:0.5741245150566101 fairtrade:0.5615859627723694 equos:0.5505083203315735 equità:0.5392037034034729 eque:0.513679563999176 sostenibile:0.5121043920516968
