word,neighbors
falco,gufalco:0.6896885633468628 falcor:0.6482348442077637 falcoz:0.6307450532913208 falco»:0.6304922699928284 falcoia:0.6175275444984436 girfalco:0.614856481552124 falcocchio:0.6148161292076111 gheppio:0.6140660643577576 grifalco:0.6091290712356567 falcomer:0.5946036577224731 lodolaio:0.5755007863044739 rapaci:0.5746389627456665 gufo:0.5713518261909485 occhiodifalco:0.5709338188171387 rapace:0.5708383917808533 gheppi:0.5665160417556763 falcore:0.5632041692733765 sparvieri:0.5591820478439331 cornacchia:0.5572794675827026 sparviero:0.5512369275093079 falconia:0.5482617616653442 airone:0.5455514192581177 astore:0.5442132949829102 picchio:0.5434346795082092 falcone:0.5429186224937439 falconiforme:0.5428992509841919 falcon:0.540848433971405 allocco:0.5397337675094604 pellegrino:0.5376497507095337 kaupifalco:0.5376108288764954 falcom:0.5371649265289307 falchi:0.5355882048606873 lodolai:0.5350869297981262 falconio:0.5303397178649902 cirifalco:0.5281886458396912 accipitrini:0.5274543762207031 accipiter:0.523991584777832 albanella:0.5235674977302551 allodola:0.5213135480880737 buteo:0.5185534954071045 avvoltoio:0.5176769495010376 tinnunculus:0.5166601538658142 cuculastore:0.515362560749054 rofalco:0.5151803493499756 falconis:0.5144726037979126 biancone:0.514288604259491 dorsobianco:0.5138553380966187 coturnice:0.5123699307441711 aquila:0.5112631320953369 upupa:0.5111511945724487 tarabuso:0.5097955465316772 aquilastore:0.5083857774734497 corvo:0.5082440972328186 fenicottero:0.5077531933784485 falconiformi:0.5074257254600525 pettorosso:0.5061943531036377 falconera:0.5045849680900574 chrysaetos:0.5040490031242371 uccello:0.5018789172172546 barbagianni:0.5018354058265686 beccobianco:0.5012753009796143 taccola:0.5010637640953064 pernis:0.5010416507720947 albanelli:0.5004681348800659 codabianca:0.5002290606498718
