word,neighbors
faro,fanale:0.6059287786483765 fari:0.5831475257873535 promontorio:0.5663411021232605 lighthouse:0.555002748966217 promontore:0.5402898192405701 porticciolo:0.5388656258583069 promontorium:0.5383272767066956 promontoria:0.5379276871681213 molo:0.5358307361602783 lighthouses:0.5330173969268799 eddystone:0.5276527404785156 farore:0.5141863226890564 fanal:0.5114558935165405 porticciola:0.5022985339164734
