word,neighbors
fata,fatata:0.6906638741493225 morgana:0.6765782237052917 fata/ninfa:0.6556820869445801 fatato:0.634256899356842 strega:0.6064305305480957 fatina:0.5969724059104919 malefica:0.5966094136238098 incanta:0.5891580581665039 fatate:0.58827805519104 smemorina:0.5875454545021057 tremotino:0.5816551446914673 incantata:0.580544650554657 incantato:0.578454852104187 incantano:0.5696375966072083 cenerentola:0.5661624073982239 magica:0.5656293034553528 fatati:0.5645354390144348 incantesimo:0.5637418627738953 incantatrice:0.5618703365325928 maga:0.5612184405326843 biancaneve:0.5560858845710754 fiaba:0.5530291795730591 addormentata:0.5507608652114868 incantatella:0.550640881061554 stregale:0.5477390885353088 turchina:0.547516405582428 incantando:0.5426324605941772 incantare:0.541816234588623 fairytopia:0.5393238663673401 fatatrac:0.5388075709342957 incantava:0.5383881330490112 strega»:0.5345509052276611 creatura:0.5320777297019958 tecna:0.5312730073928833 incantatem:0.5300936698913574 glinda:0.5300388336181641 stregatto:0.5297046899795532 fatine:0.5292102098464966 draghetto:0.5280706286430359 magia:0.5280048847198486 magico:0.5274436473846436 berylune:0.5272920727729797 stregone:0.5220869779586792 nerissa:0.5218202471733093 streghetta:0.5207405686378479 agrabah:0.5206922292709351 streghetto:0.5206649303436279 chibiusa:0.5200992226600647 raperonzolo:0.5191690325737 malvagia:0.5189820528030396 telecenerentola:0.5187615156173706 ragazzina:0.518756091594696 sirenix:0.5177183747291565 magicaboola:0.5176749229431152 lilù:0.5175231695175171 faragonda:0.5152589678764343 incantate:0.515071451663971 stregata:0.512859046459198 magilupo:0.5126205682754517 incantò:0.5125700831413269 perfida:0.5125276446342468 gargamella:0.5117284059524536 madrina:0.510680079460144 stregagatto:0.5105615854263306 evanora:0.5104904770851135 incantia:0.5097478032112122 aladino:0.5092761516571045 cenerente:0.5085017681121826 puffa:0.5082283616065979 pozione:0.5074153542518616 crudelia:0.5071689486503601 magil:0.5063366293907166 incantatrici:0.5058714747428894 fantasmina:0.5057888627052307 grimilde:0.5043397545814514 magix:0.5041625499725342 doremi:0.5035979747772217 bestia:0.5030356049537659 merliah:0.5028979182243347 draghetta:0.5024940967559814 elfa:0.5017048120498657 irtogatto:0.5009716749191284 folletta:0.5003668069839478
