word,neighbors
firmamento,firmamentum:0.7577409148216248 firmament:0.7504180669784546 chiarore:0.5268107056617737 splendeva:0.5180953741073608 splende:0.5158571004867554 risplendeva:0.505198061466217 asterismo:0.5008123517036438
