word,neighbors
foresta,forestata:0.7558077573776245 forestato:0.7297539710998535 forestate:0.7124242782592773 foresta»:0.7074739933013916 pluviale:0.6977449059486389 foreste:0.6775859594345093 forestani:0.6626798510551453 #foresta:0.6589743494987488 boscaglia:0.6289507746696472 boschi:0.6050018072128296 forestal:0.601984441280365 boscage:0.5935272574424744 savana:0.5862395167350769 boscagli:0.583511233329773 boschiva:0.5826777815818787 pluvia:0.5783097147941589 subpluviale:0.5770884156227112 riforestare:0.5769177675247192 pluviali:0.5744169354438782 boscaglie:0.5704013705253601 forestazione:0.5698922276496887 radure:0.5580929517745972 radura:0.555443286895752 boscosa:0.5536876320838928 foresto:0.5534642934799194 amazzonica:0.5533802509307861 querce:0.5530716180801392 boschive:0.5527888536453247 boscose:0.5516821146011353 belliboschi:0.5510863661766052 forests:0.5503165125846863 vilbosco:0.5500519871711731 boschivi:0.5474640727043152 forestum:0.5467685461044312 bosco:0.5450576543807983 forest:0.545009434223175 prateria:0.5423367023468018 semidecidua:0.5421700477600098 forestali:0.5418597459793091 conifere:0.5383268594741821 disboscata:0.5380042195320129 decidua:0.5353870391845703 sottoboschi:0.5347214341163635 boschivo:0.5339174270629883 forestazioni:0.5324641466140747 brughiera:0.5317701101303101 displuviale:0.5299972295761108 forestale:0.5296909213066101 giungla:0.5294771790504456 vegetazione:0.527575671672821 boscai:0.527242124080658 villaforesta:0.5254529118537903 deforestata:0.525131344795227 boscata:0.5235489010810852 praterie:0.5232387185096741 boscosi:0.5221851468086243 boscosissima:0.5212628841400146 cespugli:0.5201532244682312 sempreverdi:0.5189983248710632 abeti:0.5186790823936462 fangorn:0.517135739326477 oresta:0.5145530104637146 latifoglie:0.5089909434318542 eluviale:0.5089306831359863 brughiere:0.5086585283279419 forestello:0.5070327520370483 boscoso:0.5070006251335144 disboscati:0.5056266784667969 foresters:0.5055146813392639 sempreverde:0.5050461292266846 savane:0.5046454668045044 deforestate:0.5045945048332214 esbosco:0.5042552947998047 forestopoli:0.5040979981422424 disboscare:0.5036722421646118 mangrovia:0.5035444498062134 giungle:0.5034173130989075 latifoglia:0.50336092710495 semidecidue:0.5032249093055725 querceti:0.5031850934028625 rimboschita:0.5011789202690125 faggi:0.5011661052703857 sottobosco:0.5003886818885803
