word,neighbors
forza,"sovrumana:0.5733293890953064 superforza:0.5726897716522217 forza/resistenza:0.563766598701477 perforza:0.5500562191009521 forza,:0.5349166989326477 sovrumanamente:0.531742513179779 tenacia:0.5267970561981201 forzabruta:0.5212719440460205 agilità:0.5200992226600647 sovraumana:0.5171359181404114 sovrumane:0.5162515044212341 sovrumano:0.5111507773399353 destrezza:0.5107236504554749 combattiva:0.5101990699768066 sovrumani:0.5084541440010071 forza»:0.5026487112045288 centripeta:0.5024400353431702"
