word,neighbors
ghiacciolo,ghiaccioli:0.8995219469070435 ghiacciolino:0.8699676990509033 ghiaccio»:0.8304430246353149 ghiaccio:0.8219592571258545 ghiaccioni:0.8139916658401489 neve/ghiaccio:0.7747616767883301 ghiaccia:0.7592806220054626 ghiacciata:0.7130845189094543 ghiacciato:0.7094509601593018 ghiacciao:0.7085891962051392 ghiacciano:0.6819510459899902 rattoghiaccio:0.6770040392875671 ghiacci:0.6748136878013611 ghiacciava:0.6707335710525513 ghiacciò:0.6683744788169861 hockey_su_ghiaccio:0.6659682393074036 ghiacciate:0.6586925983428955 antighiaccio:0.649455726146698 ghiacciando:0.6474676728248596 ghiacciare:0.6472906470298767 ghiacciati:0.6425800323486328 ghiacciarsi:0.6407932043075562 ghiacciandosi:0.6342387199401855 ghiacciaia:0.6309044361114502 ghiacciaie:0.6227415204048157 feltreghiaccio:0.6173310279846191 ghiacciohockey:0.6138861775398254 palaghiaccio:0.610717236995697 hockeista:0.5836682915687561 ghiacciamento:0.5832386016845703 pattina:0.5715290904045105 ghiacciaio:0.5695194602012634 hockeiste:0.5669603943824768 pattinato:0.5669130086898804 spattini:0.5658777952194214 ghiacciai:0.5658718347549438 pattinamento:0.5638850927352905 hockeistico:0.5589267015457153 pattino:0.5573417544364929 vinacciolo:0.5558754205703735 rattoghiacci:0.5503149628639221 agghiaccio:0.5498762130737305 pattini:0.5481851100921631 pattinata:0.5427072644233704 pattinando:0.5386539697647095 hockey:0.5345072746276855 ghiacciarono:0.5325213074684143 permafrost:0.5301386713981628 rompighiaccio:0.5283945798873901 mugnaiaccio:0.5279040932655334 congelatore:0.5274872183799744 hockeistici:0.5256794691085815 pattinare:0.5248343348503113 lacciolo:0.5240527987480164 pattinano:0.5230576395988464 hockeistica:0.5227843523025513 pattine:0.5224262475967407 vecchiaccio:0.5203354358673096 congelato:0.5193236470222473 soracreppa:0.5184217095375061 congelava:0.5167180895805359 turacciolo:0.5149463415145874 pattinava:0.5143415331840515 giaccio:0.5137906670570374 visciolo:0.5131887793540955 congela:0.5121853351593018 iaccio:0.5119073390960693 hockeck:0.5115938186645508 ventogelato:0.5109955668449402 pattinatore:0.5102252960205078 neve:0.5087895393371582 aiaccio:0.5059413909912109 austfonna:0.5054864883422852 glaciale:0.505161464214325 hockeistiche:0.5046842694282532 cocciolo:0.5042160749435425 hockeisti:0.5032311081886292 vatnajökull:0.5025421977043152 iceberg:0.5022094249725342 banchisa:0.5002224445343018
