word,neighbors
giovenca,giovenche:0.7610211372375488 giovenchi:0.7419142723083496 giovenco:0.7151546478271484 savenca:0.6582595705986023 gioventina:0.5801234245300293 libagione:0.5608989596366882 sacrificale:0.5587734580039978 yacatecuhtli:0.5570555329322815 tecciztecatl:0.5470934510231018 gerione:0.5456498265266418 mictlantecuhtli:0.5448881983757019 cervenca:0.5433270335197449 tecuciztecatl:0.5433045625686646 flegiàs:0.5403118133544922 suovetaurilia:0.5376974940299988 tonacatecuhtli:0.5375995635986328 tecuhtli:0.5363635420799255 gioventino:0.5363348126411438 olivenca:0.5322794318199158 uryzmæg:0.5312099456787109 pecora:0.5309898853302002 vitello:0.5295745730400085 capretto:0.5290358662605286 ometecuhtli:0.5280835628509521 libagioni:0.5277550220489502 gioventú:0.5256983041763306 dumuzi/tammuz:0.5254289507865906 chalciuhtlicue:0.5236844420433044 giovenzio:0.5235931873321533 atraḫasis:0.5233802199363708 priapo:0.5233009457588196 xiuhtecuhtli:0.5217890739440918 crisotemide:0.5203491449356079 sedecìa:0.5198003053665161 immolazione:0.518194854259491 paredra:0.5179893970489502 bue:0.5173434019088745 chalchiuhtlicue:0.5173389315605164 ninhursag:0.5169628262519836 balarāma:0.5167102813720703 gregge:0.5164449214935303 tlaltecuhtli:0.5159129500389099 immolata:0.5156396627426147 adumah:0.5152506828308105 tlahuizcalpantecuhtli:0.5147855877876282 eagro:0.5141682624816895 dea:0.5128926038742065 giaciglio:0.5126906037330627 coatlicue:0.5126665830612183 rākṣasa:0.5109252333641052 anzû:0.5108091235160828 rākṣasī:0.5106028914451599 tiāmat:0.5105668306350708 ciceone:0.510122537612915 ereshkigal:0.5099948644638062 sacrificali:0.5098375678062439 gioventu:0.5096445083618164 caprone:0.5095257759094238 nazireo:0.5094267129898071 ayauhteotl:0.508709192276001 tefnut:0.5083613395690918 xolotl:0.5071421265602112 fetore:0.507010817527771 tevet:0.5064425468444824 satī:0.5056242942810059 flegetonte:0.5054134130477905 deipile:0.5053491592407227 immolava:0.5046118497848511 alcmena:0.5044813752174377 madianita:0.5039438009262085 giovenardi:0.5030983686447144 hrímfaxi:0.5029149055480957 tzibbur:0.5027747750282288 draupadī:0.502659261226654 lakṣmaṇa:0.5020868182182312 ardemonio:0.5019470453262329 περσεφόνη:0.5012268424034119 tlazolteotl:0.5009389519691467 tereo:0.500517725944519 pṛthivī:0.5002099275588989 immolato:0.500084400177002
