word,neighbors
lampo,lampo/oscurità:0.6287264227867126 sprizzalampo:0.6029399037361145 fulmine:0.5495855808258057 semilampo:0.5430119037628174 lampol:0.5411602258682251 lampi:0.5369164943695068 lampo/metallo:0.5154842734336853 fulmiraggio:0.504546046257019 bellolampo:0.5025823712348938
