word,neighbors
maggioranza,maggioranza»:0.858848512172699 maggioranze:0.8028260469436646 supermaggioranza:0.7728700041770935 stragrande:0.7446675896644592 imporanza:0.7361913323402405 minoranza:0.7299782037734985 leader_maggioranza:0.7067227363586426 miglioranza:0.696565568447113 maggioritaria:0.6296184062957764 maggioritari:0.6169412732124329 favorevoli:0.60945725440979 maggioritarie:0.6057975888252258 maggioritariamente:0.6012730598449707 maggioranti:0.6001119017601013 nkoranza:0.5961431860923767 votanti:0.5929617881774902 maggiorità:0.592437207698822 maggioritario:0.5899159908294678 voti:0.5866368412971497 ingoranza:0.5850363373756409 maggiorani:0.5774708390235901 făt:0.5732275247573853 leader_minoranza:0.5688524842262268 maggiorante:0.563723623752594 contrari:0.5598861575126648 favorevoli+contrari:0.5548863410949707 soranza:0.5534910559654236 minoritaria:0.5484949350357056 totalità:0.5409805774688721 unanimità:0.5379552245140076 prevalenza:0.5362063646316528 votare:0.5351023077964783 %:0.5350947380065918 seggi:0.5283495783805847 onoranza:0.5278840065002441 maggiorano:0.5271681547164917 minoritari:0.5223656296730042 larghissima:0.5217397212982178 favorevolezza:0.5184605121612549 votazione:0.5171470642089844 astenuti:0.5109550952911377 ingnoranza:0.5071318745613098 mozione:0.5069703459739685 minoritarie:0.5026566982269287 %+:0.5017971396446228 maggiorando:0.5011853575706482 restante:0.5008349418640137 favorevola:0.5003143548965454
