word,neighbors
mantide,amantide:0.8024390339851379 mantidi:0.7168098092079163 mantid:0.7167295217514038 acamantide:0.7058126330375671 aiantide:0.6926353573799133 eantide:0.6851640939712524 acantide:0.6400274634361267 cidantide:0.6293798089027405 ecfantide:0.6245391964912415 mantis:0.621792733669281 elefantide:0.6176618337631226 antide:0.6171860694885254 galantide:0.6163136959075928 dracontide:0.5662782788276672 latlantide:0.5650230050086975 ippotontide:0.5617018342018127 noontide:0.5581835508346558 moontide:0.5555458068847656 gaulantide:0.5507345795631409 diamantidi:0.5457438230514526 frontide:0.5299694538116455 atlantide:0.5252284407615662 atlantidea:0.5198249220848083 mantine:0.5086290240287781 megapotamica:0.5044311881065369 palmipede:0.504101037979126 leontide:0.5015491843223572
