word,neighbors
mazza,mazzafrusti:0.6191664934158325 mazzafrusto:0.6074133515357971 mazzapicchio:0.5999939441680908 mazzafionda:0.595263659954071 mazzalai:0.5951024293899536 santolamazza:0.5929734110832214 mazze:0.5693175196647644 falcetta:0.566676139831543 falcetti:0.5571038126945496 mmazza:0.5534203052520752 mazzalupi:0.5530895590782166 corazza:0.5356185436248779 boccamazza:0.5352529287338257 mazzascudo:0.5255612730979919 mazzasorda:0.5231186747550964 mazzeranghi:0.5222663879394531 ascia:0.5215684771537781 mazzaroli:0.5207278728485107 manganello:0.5201566219329834 squadrelli:0.5186482667922974 mazzapietra:0.5180325508117676 mazzagatta:0.5167926549911499 mazzaa:0.5140173435211182 stramazza:0.5123279094696045 balestrone:0.5116491317749023 mazzone:0.5112597346305847 mazzera:0.5110530257225037 conficconi:0.5109969973564148 mazzali:0.5103431940078735 cerbottana:0.5092067718505859 mazzù:0.5078797340393066 caramazza:0.5077272057533264 rampini:0.5065969824790955 mazzagatti:0.5062265396118164 falcetto:0.5057024359703064 balestrazzi:0.5050675868988037 coltella:0.504944384098053 mazzolotti:0.5045981407165527 mazzano:0.5038012862205505 mazzalupetto:0.5028840899467468 mazzetta:0.501655638217926 martilotti:0.5012227892875671 mazzatorta:0.501187264919281 mazzata:0.5005760192871094
