word,neighbors
mazzo,smazzo:0.6898372173309326 carte:0.6889359354972839 mazziere:0.670253336429596 mazzi:0.6410536766052246 mazzetto:0.6096141338348389 briscola:0.5811529755592346 rubamazzo:0.5773394107818604 mazzier:0.5702471733093262 tarocchi:0.5674922466278076 tressette:0.5662451982498169 rubamazzetto:0.5578657984733582 gioco#carte:0.5574468970298767 tarocche:0.5540429353713989 smazzata:0.5505598783493042 briscole:0.5456327199935913 smazzate:0.5450108051300049 scarta:0.5421372652053833 tarocco:0.5408524870872498 carta:0.5366200804710388 giocarla:0.5341755151748657 mazzette:0.5319355726242065 scartarle:0.5289983749389648 tarocchino:0.5273224711418152 smazzano:0.5270059704780579 taroccare:0.5250145792961121 palline:0.5238454937934875 grimorio:0.5219249129295349 giocarle:0.5216374397277832 somazzo:0.5213950276374817 smazzi:0.5201184749603271 taroccate:0.519949734210968 umazzo:0.5178995132446289 gioco:0.5130230188369751 smazza:0.5097384452819824 tarocca:0.5094034671783447 pedine:0.5062810182571411 smazzato:0.5052437782287598 taroccata:0.5049465298652649 taroccato:0.5042077302932739 scartare:0.5032472610473633 caselle:0.5016338229179382 bustine:0.5004110336303711
