word,neighbors
merce,"merci:0.6492227911949158 mercanzie:0.61082524061203 compratore:0.5989633202552795 compratori:0.5879907608032227 merce,:0.5862560868263245 acquirente:0.5741056203842163 acquisto/vendita:0.5626944899559021 mercanzia:0.560150682926178 magazzinaggio:0.5489073395729065 compravenduto:0.5375363826751709 smerciarla:0.5310994386672974 portacontainer:0.5303588509559631 magazzino:0.5303124785423279 compravendita:0.5284013748168945 smerciata:0.5281006693840027 contraffatta:0.5251554250717163 derrate:0.5245062708854675 prezzo:0.5235321521759033 smerciare:0.523148775100708 commerciabilità:0.5231447815895081 contraffattori:0.5224095582962036 trasportazione:0.5219826698303223 contrabbandata:0.5216338038444519 derrata:0.5215317606925964 comprava:0.5196129083633423 refurtiva:0.5187282562255859 venditori:0.5185065865516663 rivenderla:0.5181000828742981 venditore:0.5176457166671753 contante:0.5169315934181213 danaro:0.5164645314216614 prezzi:0.5140488147735596 contraffattore:0.5130519866943359 denaro:0.5116104483604431 contraffazione:0.5097904205322266 rivendeva:0.5068961381912231 rivenderle:0.5060299038887024 compravo:0.50555419921875 rivendere:0.5047869086265564 merceria:0.5042533874511719 scorte:0.504142165184021 mercel:0.5040189623832703 contrabbandava:0.5021559596061707 negozianti:0.5020250082015991 venderla:0.5012635588645935 contrabbanda:0.5001584887504578"
