word,neighbors
merletto,merletta:0.8935297131538391 merletti:0.8747596144676208 merlette:0.8433345556259155 merlettato:0.8060115575790405 merlettaia:0.8047889471054077 merlettaie:0.7991326451301575 perletto:0.7656421661376953 merlettati:0.7391640543937683 merlet:0.719383180141449 perletta:0.6645736694335938 perletti:0.6368550658226013 ricamo:0.6122614741325378 berletti:0.6043516397476196 gerletti:0.5999322533607483 tombolo:0.5963271856307983 zerletti:0.5862029194831848 curletto:0.5805554389953613 fusello:0.5796126127243042 uncinetto:0.5770002007484436 orletto:0.5638498067855835 ricamiera:0.5517194271087646 fuselli:0.5497332215309143 cerletti:0.5416472554206848 merler:0.5360934734344482 presepiale:0.5359576344490051 vetrario:0.5336378812789917 corletto:0.5306892395019531 ricama:0.5292064547538757 oreficeria:0.5280624628067017 ricami:0.5265524983406067 presepiali:0.526422381401062 ricamati:0.525147557258606 ricamato:0.5230293273925781 merlera:0.5229268074035645 ricamata:0.5227571129798889 tessuta:0.5217687487602234 pennellino:0.5205010771751404 manifattura:0.5176374912261963 tovaglie:0.5104076266288757 zerlett:0.5078926086425781 artigianato:0.5075275301933289 corpetti:0.5073041915893555 artigianali:0.5063912868499756 pastello:0.5060610771179199 ricamate:0.5050175189971924 arazzeria:0.5047146081924438 camiceria:0.5041454434394836 corpetto:0.5025530457496643 ricamano:0.502199113368988 ricamatori:0.5020080804824829 artigianalità:0.5011747479438782 gonnellino:0.5003719329833984
