word,neighbors
meta,mete:0.5557389259338379 turistica:0.5298497080802917 pellegrinaggi:0.524605929851532 turisti:0.512633204460144
