word,neighbors
mimo,pantomimo:0.6178219318389893 pantomimica:0.5640389919281006 mimoň:0.5465803146362305 pantomimico:0.5461171865463257 pantomimici:0.5350551009178162 pantomimiche:0.5157285332679749 prestidigitatore:0.5115411281585693 mimica:0.5106337666511536 pantomima:0.5059493184089661 circense:0.5038141012191772
