word,neighbors
mimosa,mimose:0.7441152930259705 mimosas:0.6843047142028809 mimoso:0.67451012134552 imosa:0.6501511335372925 mimos:0.6468152403831482 mimosaceae:0.6439313292503357 mimosifolia:0.6086432933807373 mimoň:0.604114830493927 cimosa:0.5477654933929443 limosa:0.5421828031539917 stellaria:0.5197708606719971 mimongo:0.5131051540374756 albicilla:0.5109727382659912 caprifoliaceae:0.5103793740272522 porrimosa:0.5099342465400696 anacardium:0.5067295432090759 nubilosa:0.5052468776702881 mimulosia:0.5042136311531067 balsamea:0.5040613412857056 chamaerops:0.5031881928443909 comosa:0.5026907920837402 lycopifolia:0.5023159384727478 lilacea:0.5012612342834473
