word,neighbors
nastrino,nastrini:0.8106871843338013 nastro:0.6777563691139221 piastrino:0.6382352709770203 fascetta:0.620512843132019 nastri:0.6103689670562744 stelletta:0.598090648651123 mastrino:0.596558153629303 fascette:0.5927353501319885 incastrino:0.5853317975997925 cordoncino:0.5843520164489746 legendanastro:0.5783671140670776 piastrina:0.5766810178756714 nastran:0.57444167137146 medaglietta:0.5710200667381287 fascetto:0.570391058921814 soggolo:0.5652832388877869 bottoncino:0.5550901293754578 stellette:0.5495447516441345 alabastrino:0.5490959286689758 ricamata:0.5481230616569519 annodata:0.5436655879020691 bordato:0.5430065393447876 ricamato:0.540788471698761 nastriformi:0.5392871499061584 mostrina:0.5370259881019592 annodati:0.5343354344367981 corpetto:0.5338543653488159 pilastrino:0.5319690704345703 cinturone:0.5318366289138794 cerchietto:0.5316901206970215 lastrina:0.5306621193885803 nastriforme:0.5297926664352417 sinastria:0.5295463800430298 smaltato:0.5285904407501221 distintivo:0.5253555774688721 tricolorati:0.52480548620224 smaltata:0.5245416164398193 medagliette:0.5242412090301514 annodato:0.5227681398391724 ciondolante:0.5214282870292664 tricolorato:0.5206197500228882 annodatura:0.5201117992401123 annodate:0.5186827182769775 lastrine:0.5184822082519531 tricolorata:0.5181010961532593 mostrino:0.5180388689041138 mostrine:0.5174769759178162 frangicetto:0.5173996686935425 spilla:0.5172510743141174 bottonata:0.5170345902442932 fazzoletto:0.5168167352676392 quadrettatura:0.5161107182502747 registrino:0.5158573389053345 cravatta:0.5158005952835083 piastrine:0.5150036811828613 cartelletta:0.5149493217468262 bordata:0.513691246509552 spalline:0.5130942463874817 frangiatura:0.5112023949623108 bottonato:0.5092306137084961 fermacravatta:0.5087018013000488 cucita:0.5083345174789429 abbottonatura:0.5082604885101318 stoffa:0.5081141591072083 cordoncini:0.5074422955513 collarino:0.5073040723800659 piastrinari:0.5067380666732788 mantelletto:0.5058140754699707 controspalline:0.5057535171508789 ricamano:0.5057389140129089 sottopanno:0.5057228207588196 tricolori:0.5055277943611145 striscetta:0.5052945017814636 bavero:0.5050646662712097 pinastri:0.5048474073410034 spallina:0.5039734244346619 camicetta:0.5037875175476074 medaglione:0.5032976269721985 portafazzolettone:0.5031760931015015 collare:0.5028078556060791 pistrino:0.501904308795929 bottone:0.5017269849777222 bottonate:0.5008856654167175
