word,neighbors
oblio,oblio»:0.6610386371612549 dimenticatoio:0.6339733600616455 oblìo:0.597251832485199 obliosa:0.5578175187110901 vanish+oblio:0.5520914793014526 oscurità:0.551106870174408 eternità:0.5388080477714539 obliato:0.5368752479553223 dimenticatosi:0.5338696241378784 dimenticati:0.5324687361717224 dimenticanza:0.5264449119567871 oscurità»:0.5259867906570435 dimenticata:0.5255423784255981 abisso:0.5140854120254517 dimenticate:0.5083059668540955
