word,neighbors
occhio,"occhioduro:0.6298234462738037 occhiolino:0.6282812356948853 occhi,:0.6257452964782715 occhio»:0.618401288986206 occhi:0.5853920578956604 occhiotetro:0.5788851976394653 #occhio:0.5703272819519043 occhioni:0.5608194470405579 occhino:0.5562209486961365 occhiolini:0.554744303226471 occhioblu:0.5542122721672058 occhione:0.5469526648521423 occhiometro:0.5438976883888245 nudo:0.5427703261375427 visibilissimo:0.5401008129119873 occhiato:0.5244324207305908 occhiaie:0.5221698880195618 occhi/la:0.5188983678817749 orecchio:0.516684889793396 occhiodifalco:0.5162138342857361 occhiopinocchio:0.5141794681549072 occhilupo:0.5139520764350891 occhiscuri:0.5101654529571533 occhietto:0.5094039440155029 oculare:0.5093570947647095 visibilita:0.5083245635032654 sguardo:0.5082083940505981 binocolo:0.5080841183662415 cineocchio:0.5077424645423889 strizzalocchio:0.5066409111022949 occhiatana:0.5064479112625122 interpupillare:0.5043467283248901 occhiatina:0.5018832683563232 palpebre:0.5011523365974426 scorgerlo:0.5008049607276917"
