word,neighbors
ombra,ombra»:0.6804078817367554 ombraviva:0.5987811088562012 ombre:0.590164303779602 oscurità:0.5849348306655884 ombrato:0.5845474004745483 mortombra:0.5743024349212646 penombra:0.5738852620124817 mezzombra:0.5735810995101929 ombrata:0.5715249180793762 ombrati:0.5604611039161682 oscurita:0.5484578609466553 ombracolo:0.54734206199646 oscurità»:0.5344671010971069 turbinombra:0.5191229581832886 ombrosa:0.5133758783340454 adombra:0.5104968547821045 lasombra:0.5062977075576782 ombroso:0.5050783753395081 shadowzone:0.5046350955963135 ombromanto:0.5023701786994934 tenebre:0.5008723139762878
