word,neighbors
ombrello,ombrellone:0.830512523651123 ombrelli:0.8122488856315613 ombrellino:0.7951593399047852 ombrelloni:0.793330192565918 ombrelle:0.7594040632247925 ombrella:0.7521596550941467 ombrellini:0.7307557463645935 ombrellaio:0.7177016735076904 ombrellata:0.7118284702301025 ombrellai:0.7055627703666687 portaombrelli:0.6847914457321167 ombrellaru:0.6667689085006714 ombrelliforme:0.6305961012840271 subombrella:0.6172978281974792 ombrellifero:0.605698823928833 ombrelliformi:0.5971750020980835 esombrella:0.5912351608276367 umbrello:0.5802266597747803 ombrellifera:0.5738545060157776 ombrellifere:0.5469995737075806 foulard:0.5359137654304504 incannucciato:0.5249115824699402 fazzoletto:0.523440957069397 gambrelli:0.5148666501045227 incannucciata:0.5145441889762878 tovagliette:0.5142577886581421 ombre»:0.5086826682090759 ombrelliferae:0.50589519739151 penzolante:0.5022356510162354 appendiabiti:0.5017385482788086 ciondolante:0.5009335875511169
