word,neighbors
organo,"claviorgano:0.6793249249458313 organo»:0.664985716342926 organi:0.6610237956047058 organ:0.6450173258781433 organino:0.6365192532539368 organo#sonata:0.6321665644645691 organoide:0.6160414218902588 organon:0.6111389994621277 organza:0.5988476276397705 organaro:0.591821014881134 organis:0.5911014676094055 organix:0.5871912240982056 organos:0.587040364742279 organario:0.5816987752914429 organistico:0.5803804397583008 organs:0.5784363150596619 organistica:0.5711138844490051 organes:0.570042073726654 organe:0.5696923732757568 cantoria:0.5666093230247498 organaria:0.5634943246841431 organisten:0.5634116530418396 organist:0.5587635040283203 clavicembalo:0.5581538081169128 organoioduri:0.555774986743927 organoedi:0.5551742315292358 organik:0.5546789765357971 organara:0.5541620254516602 organozinco:0.5519291162490845 clavinet:0.5512495636940002 armonium:0.5504794716835022 harmonium:0.5500422120094299 organari:0.5450389981269836 organasi:0.5438591241836548 organzino:0.5417749285697937 organulo:0.5403801202774048 organiste:0.5400276184082031 organarie:0.5395400524139404 organistici:0.5370009541511536 organi»:0.5367346405982971 pedale:0.5360177159309387 piano/tastiere:0.5346640348434448 organismo»:0.5279920697212219 pianoforte»:0.5278541445732117 clavicembalo/fortepiano:0.5267414450645447 fortepiano/clavicembalo:0.5262113809585571 clavicembalo#preludio:0.5261579751968384 organistiche:0.5245382189750671 organistrum:0.5241002440452576 organiser:0.5228508114814758 georgano:0.5218514800071716 organetti:0.5218102931976318 tastiere,:0.52153080701828 controfagotto:0.5210034251213074 organil:0.5206849575042725 archicembalo:0.5193437337875366 pianoforte:0.5190829634666443 strumento:0.51886385679245 organisti:0.5182883143424988 tastiere:0.517362654209137 organum:0.5169768929481506 mascioni:0.5163875222206116 pianoforte,:0.5154635906219482 pedaliera:0.5151597261428833 organismo:0.5150087475776672 mellotron:0.5150014758110046 #organo:0.513655424118042 clavinette:0.513353168964386 organisé:0.5121625065803528 hammond:0.5116161108016968 sorgano:0.5112400650978088 serassi:0.5088150501251221 gravicembalo:0.5048346519470215 organello:0.5045944452285767 farfisa:0.5045135021209717 cantorie:0.5034627318382263 orgelbau:0.5028016567230225 organtino:0.5026724338531494 organografia:0.5021349787712097 sintetizzatore:0.500980019569397"
