word,neighbors
papiro,papiri:0.7664799690246582 papirosa:0.7355766296386719 papir:0.72887122631073 papiraceo:0.6827283501625061 papirer:0.6630144715309143 papirologico:0.6575087904930115 papiracei:0.6573952436447144 papirologi:0.6540682315826416 papirologica:0.6372373104095459 papiracee:0.635647177696228 papirologia:0.635595440864563 ossirinco:0.6324363350868225 papirologici:0.6279866099357605 papirologiche:0.6229982376098633 papirologo:0.6190923452377319 papiracea:0.6151074767112732 geroglifico:0.5884767770767212 geroglifici:0.5856294631958008 papireto:0.5830855965614319 geroglifica:0.5751433372497559 papyrus:0.5714640617370605 papyri:0.5710548758506775 papyris:0.5706790089607239 papirius:0.5683605074882507 papiria:0.5619426369667053 pergamena:0.5590161085128784 papiriana:0.5565174221992493 pergameneo:0.5544344782829285 egizio:0.5534085631370544 rotolo:0.5528258085250854 papyrifera:0.5515807271003723 pergamenaceo:0.5489826202392578 manoscritto:0.5450779795646667 papirologa:0.5434980988502502 geroglifiche:0.5394363403320312 hammâdi:0.5336794853210449 pergamena»:0.5314350128173828 papirianum:0.5304248929023743 amarna:0.5258800387382507 tavolette:0.5253350734710693 papiriane:0.5235710740089417 manoscritti:0.5216428637504578 pergameno:0.5208414196968079 tetrabiblos:0.5207837224006653 egizi:0.5186214447021484 ptahhotep:0.5185947418212891 manoscritta:0.5185475945472717 egizie:0.5164426565170288 tetragramma:0.5151311159133911 pergamenacei:0.5136003494262695 egizii:0.5128687620162964 sinaitico:0.5116687417030334 ramesside:0.5115307569503784 copto:0.5098648071289062 hotepibre:0.5080784559249878 coptos:0.5074649453163147 ramesseum:0.5058572888374329 papirianae:0.5046311616897583 arpocrazione:0.5045204162597656 rotoli:0.5036650896072388 egizia:0.5034378170967102 sinaitica:0.5014702677726746 fayyum:0.5002533793449402
