word,neighbors
pensionato,pensionat:0.8085972666740417 pensionata:0.8073938488960266 pensionario:0.7633906602859497 pensione:0.7280356287956238 pensionati:0.7237696051597595 pensionamento:0.7231503129005432 pensionate:0.7203079462051392 pensionatico:0.7168970704078674 pensionante:0.7021941542625427 mensionato:0.6851578950881958 pensionare:0.6846736669540405 pensionando:0.6760364770889282 pensionabile:0.674552321434021 pensionò:0.6646698117256165 pensioncina:0.6646161675453186 pensionarsi:0.6400043964385986 pensionamenti:0.6331092119216919 pensionanti:0.6317761540412903 pensionados:0.6295785903930664 pensioni:0.6064705848693848 pensiola:0.6001970171928406 disoccupato:0.5850071907043457 prepensionamento:0.5810804963111877 stipendiato:0.579825222492218 pension:0.5752434134483337 pensionabilità:0.5616152286529541 mansionario:0.5469506978988647 pensions:0.5469266772270203 mensionata:0.5451987981796265 pensionnat:0.5334192514419556 pensionistico:0.5315244793891907 settantenne:0.5313723683357239 stipendio:0.5282817482948303 mädchenpensionat:0.5249277949333191 pensioner:0.5236271023750305 prepensionamenti:0.5210162401199341 previdente:0.517997145652771 alloggio:0.5168547034263611 assegnista:0.5123286247253418 vitalizio:0.5118985176086426 prepensionarsi:0.5113881826400757 stipendiata:0.5053905844688416 ottantenne:0.5049902200698853 pensionnaire:0.5034559369087219 sussidio:0.5023443102836609 disoccupata:0.5020391345024109
