word,neighbors
piano,"piani:0.6177969574928284 pianoterra:0.6057935953140259 seminterrato:0.5259346961975098 pian:0.5227208733558655 piano,:0.5187450647354126 pianof:0.5082105994224548 sottotetto:0.5043864846229553 seminterrata:0.5031702518463135 mezzanino:0.5030044913291931 pianterreno:0.5011155605316162"
