word,neighbors
pieta,pietad:0.7519140839576721 pietade:0.7456098794937134 pietat:0.636276125907898 pietatella:0.6084378361701965 pietate:0.5874814391136169 compieta:0.5662522912025452 pietati:0.5652104020118713 pietas:0.5633636713027954 pietatem:0.5378355979919434 pietatis:0.5236040949821472
