word,neighbors
porco,porcone:0.7427319884300232 porcos:0.6404361128807068 talporco:0.6016292572021484 porcottero:0.6011645793914795 porchetto:0.5434950590133667 sorco:0.5420194268226624 porcù:0.539799153804779 porcospina:0.5369616150856018 porcaccia:0.5357621908187866 molorco:0.5318717956542969 storco:0.5222304463386536 maiale:0.5133793354034424 porcellino:0.5128751993179321 asino:0.5114197731018066 coniglio:0.5085442066192627 porca:0.5068679451942444 quacella:0.5063856244087219 scroccone:0.505966305732727 scrocchio:0.5057603716850281 porcospino:0.5055951476097107 grattarola:0.5038073062896729 coniglia:0.5031742453575134 pancia:0.5012027025222778
