word,neighbors
prode,valoroso:0.6787371039390564 valorosissimo:0.6334425210952759 valorosa:0.5885607004165649 valorose:0.5704913139343262 guerriero:0.5668584704399109 valorosi:0.5583897233009338 otrioneo:0.5412382483482361 valorosamente:0.5398784875869751 prodezza:0.5373209118843079 ippoloco:0.5369158983230591 scudiero:0.5351360440254211 valorosissimi:0.532133162021637 guerriero/bolero:0.5305640697479248 sventurato:0.5285421013832092 pelìde:0.5274732112884521 guerriero»:0.5272640585899353 ifidamante:0.5235249996185303 filottete:0.5229861736297607 fereclo:0.5224881768226624 coraggiosissimo:0.5222524404525757 æhsærtæg:0.5213780999183655 deipile:0.5209401249885559 birbante:0.5193800926208496 mecisteo:0.518069326877594 coraggioso:0.5178560018539429 polidamante:0.517166256904602 eroe:0.5162817239761353 ipsenore:0.5128746628761292 bradamante:0.5121143460273743 patroclooo:0.51158207654953 menesteo:0.5071775913238525 magnanimo:0.5064472556114197 destriero:0.5062480568885803 medonte:0.5057737231254578 protesilao:0.5054287910461426 ipsipile:0.5041208863258362 ippotoone:0.5031102895736694 trafisse:0.502564013004303 euridamante:0.5009297728538513
