word,neighbors
pulcino,pulcina:0.8100111484527588 pulcin:0.7902966737747192 pulcine:0.7290775179862976 pulcini:0.6645618677139282 pulcinoelefante:0.6603592038154602 uccellino:0.6215664148330688 pulcinella:0.6177805066108704 pulcillo:0.6118439435958862 pulcinelli:0.6028221845626831 pulcinellamente:0.5952913761138916 pulcinelle:0.5938454866409302 cucciolino:0.5776267647743225 pappagallina:0.562525749206543 pappagallino:0.5622923970222473 uccelletto:0.5553330183029175 piumino:0.5502127408981323 uccello:0.5482277274131775 scimmiagialla:0.547644853591919 cucciolone:0.5427190065383911 nidiaceo:0.5421143174171448 anatroccolo:0.5324638485908508 animaletto:0.5321609973907471 cucciolini:0.5317052006721497 schiudi:0.5315123796463013 pettobaio:0.5298218131065369 schiusa:0.5296541452407837 chioccioliere:0.5295736789703369 cucciolo:0.5295268297195435 porcottero:0.5294219255447388 anatroccoli:0.5282341837882996 schiuda:0.5273889303207397 panciagialla:0.5262086987495422 maialino:0.52314293384552 conigliaccio:0.5223979949951172 schiuso:0.5222545862197876 pappagallo:0.5218848586082458 beccopiccolo:0.5212249755859375 uccellone:0.5207423567771912 calmoniglio:0.5201877355575562 uccellini:0.5185748934745789 picchiotto:0.5182543396949768 pupattola:0.5179904699325562 fenicottero:0.51567143201828 gabbianello:0.515060305595398 codagialla:0.5148677229881287 schiude:0.5145418047904968 uccellaccio:0.5143996477127075 orsacchiotto:0.5141865611076355 ricciocorno:0.5131921768188477 anatraia:0.513170599937439 passerotto:0.5130344033241272 uccello»:0.5127552151679993 randagio:0.5113021731376648 cagnolino:0.5109139084815979 pappagallini:0.510871171951294 covato:0.5099301338195801 beccospesso:0.5096097588539124 pennuto:0.5094121098518372 cuculastore:0.5094023942947388 beccaccino:0.508697509765625 formichino:0.508330225944519 mostricciattoli:0.5081067681312561 acquaiolo:0.5074623227119446 uccelletti:0.5059744119644165 golosone:0.5058830380439758 gabbianella:0.5054555535316467 scodinzolante:0.5053573250770569 gallina:0.5049523115158081 miciolino:0.5039530396461487 testagialla:0.5035150051116943 ciàula:0.5031431913375854 gararadrillo:0.5030413866043091 pulciano:0.5028198957443237 piumaccio:0.5018713474273682 cangurino:0.5013803839683533 coniglietto:0.5009251236915588 codirossone:0.5008527040481567 marsupio:0.5003340840339661
