word,neighbors
pulce,pulcella:0.6718037724494934 pulci:0.5399602055549622 scarafaggio:0.5202154517173767 orecchia:0.512549638748169 bestiolina:0.5119978785514832 pidocchio:0.5061856508255005 scarafaggi:0.5053114295005798 pulex:0.5049819946289062 pesciolino:0.5039320588111877 pesciolina:0.5019562244415283 pulcillo:0.5007851719856262 gallina:0.5006436705589294
