word,neighbors
quietanza,quietanze:0.8286309242248535 pietanza:0.667210042476654 acquietano:0.5908318161964417 quietare:0.5820539593696594 quieta:0.5792855620384216 quietarsi:0.5717449188232422 quietata:0.5531406402587891 spettanza:0.5506106019020081 quietamente:0.5504443645477295 quietatura:0.5396171808242798 consumazione:0.5377633571624756 circostanza:0.5360915064811707 pattuizione:0.5339147448539734 pietanze:0.5331276059150696 autoinvestitura:0.5217999219894409 fideiussoria:0.5214130878448486 fideiussione:0.5210006833076477 avocazione:0.5207694172859192 reclamazione:0.5196711421012878 arrostitura:0.5194545388221741 esdebitazione:0.5190496444702148 abbsatanza:0.5182515978813171 intimazione:0.5164123773574829 quietati:0.5150728225708008 contrizione:0.514820396900177 questua:0.5145328044891357 cedolare:0.5123337507247925 concedibile:0.51165771484375 investitura:0.5115770101547241 dispensazione:0.5113999843597412 esenzione:0.5104939341545105 derogatoria:0.5103890895843506 impotanza:0.5099085569381714 prelibatezza:0.5094407796859741 perentorietà:0.5086987018585205 quietate:0.507935106754303 enfiteuta:0.5077447295188904 rimunerazione:0.5067392587661743 evizione:0.5059118866920471 acquietato:0.5055819749832153 indulgenza:0.5054924488067627 equivocazione:0.505302369594574 acquietamento:0.5050668716430664 vidimazione:0.5047438144683838 questuante:0.50350022315979 ricettazione:0.5032214522361755 perpetuità:0.5024747848510742 concedente:0.5017813444137573 rogatoria:0.5004214644432068 gratificazione:0.5003275275230408
