word,neighbors
rapa,"crapa:0.65947425365448 grapa:0.6541571021080017 krapa:0.59328293800354 orapa:0.5872101783752441 peperone:0.569763720035553 rapadura:0.5554062128067017 trapa:0.5524773001670837 peperoni:0.5501189231872559 sedano:0.5488653779029846 patata:0.5464194416999817 cotogna:0.5448015928268433 lattugaccio:0.5410667657852173 rapanui:0.5405434370040894 prezzemolo:0.5395292043685913 melanzana:0.5362764596939087 peperoncino:0.5338483452796936 lattuga:0.5301952362060547 salsapariglia:0.5289854407310486 cipolle:0.5281217694282532 cipollo:0.5273794531822205 pistacchio:0.5257542729377747 aglio:0.5255231261253357 itrana:0.5251926779747009 rapanello:0.524885356426239 marmellata:0.5248401761054993 ciciulena:0.5245329141616821 melacotogna:0.523398756980896 insalata:0.523094117641449 pollo:0.5214850902557373 cavolfiore:0.5192438960075378 bietola:0.5189493894577026 càuda:0.5185081958770752 prezzemolina:0.5183436274528503 panìco:0.5178040266036987 angrapa:0.5165292620658875 grattugiata:0.5160523056983948 rapaics:0.5154104828834534 melanzane:0.5151118040084839 rapaic:0.5142794847488403 rucola:0.5138773918151855 rapagnà:0.5125264525413513 zucca:0.5117942690849304 patate:0.5108934044837952 ravanello:0.5107757449150085 grattugiato:0.5107030868530273 pomodorini:0.5103790163993835 brassica:0.5098119974136353 pepero:0.5093024373054504 insaporitore:0.5087969303131104 cipollina:0.508326530456543 pistacchi:0.508307158946991 oleracea:0.50782710313797 insaporito:0.5077130794525146 nui:0.5068062543869019 pomodoro,:0.5066140294075012 suffrittu:0.5065835118293762 cacioricotta:0.5056264400482178 frittu:0.5053701400756836 radicchio:0.5043814182281494 uvetta:0.5035757422447205 ficodindia:0.5035540461540222 issopo:0.5029078125953674 capperi:0.502830445766449 pomodorino:0.5025626420974731 frittella:0.5022143721580505 peperoncini:0.5018583536148071 morzeddhu:0.5011986494064331 origano:0.5008187890052795 cavolfiori:0.5004555583000183"
