word,neighbors
remoto,remoti:0.6700831055641174 remotor:0.6379291415214539 remota:0.6154413223266602 remotamente:0.6030100584030151 remotizzati:0.582055926322937 remotissimo:0.5763359069824219 remotizzata:0.5697530508041382 remote:0.5697414875030518 remotizzare:0.5696680545806885 remotes:0.567287802696228 remotizzazione:0.538201630115509 trapassato:0.5241254568099976 remotely:0.5184758901596069 remotum:0.5106947422027588 remotissimi:0.5105949640274048 geolocalizzatore:0.5033491849899292
