word,neighbors
rete,reti:0.6384727954864502 filoviaria:0.5725486278533936 tranviaria:0.5549579858779907 network:0.5497103929519653 filotranviaria:0.5413344502449036 internetwork:0.5409079194068909 interconnessione:0.5399064421653748 viaria:0.5330323576927185 network»:0.532197892665863 filoviarie:0.5281932950019836 network/:0.5276499390602112 sottorete:0.5230105519294739 metrotranviaria:0.5214762687683105 retepiù:0.5179098844528198 internetworking:0.5110101103782654 teleconnessione:0.5106902718544006 autofiloviaria:0.5099053382873535 infrastruttura:0.5094996094703674 filoviari:0.5086999535560608 ferrotranviaria:0.5085969567298889 retedue:0.5079922080039978 interconnettere:0.5077612996101379 vgnetwork:0.507140576839447 cablata:0.5070568323135376 tramviaria:0.5070294737815857 filoviarizzazione:0.5066903233528137 interconnettersi:0.5051013231277466 fidonet:0.5045570731163025 rete»:0.5043041110038757 metanetwork:0.5038835406303406
