word,neighbors
riva,"sponda:0.7432111501693726 rive:0.6401376724243164 fiume:0.6340250968933105 sponde:0.6176432371139526 spondale:0.6021297574043274 foce:0.5955652594566345 rigoso:0.5392536520957947 rivazza:0.5275009870529175 garda:0.5259579420089722 lago:0.522517204284668 trigoso:0.5201119184494019 barcaglia:0.5180197954177856 fiumelatte:0.5166892409324646 torrente:0.5111039876937866 rivaio:0.5110322833061218 fiume,:0.5079042315483093 confluenza:0.5078421831130981 costeggiando:0.5042940974235535 darsena:0.504207193851471 rivaz:0.5041120052337646 peschiera:0.502471923828125 tamigi:0.500781774520874 costeggia:0.500276505947113"
