word,neighbors
scampo,sfuggire:0.5808441042900085 scampare:0.5780910849571228 scamparla:0.5776799321174622 sfuggirvi:0.563078761100769 scampolo:0.5628108382225037 sfuggir:0.5617988109588623 fuggire:0.5590726137161255 fuggendo:0.5585042238235474 scappare:0.5570681095123291 sfuggirne:0.555830180644989 fuggirò:0.5542305111885071 fuggire»:0.5502327680587769 sfuggirai:0.5486277341842651 salvarsi:0.5481371283531189 scappar:0.5473071932792664 fuggir:0.5437663793563843 scamp:0.5426285862922668 sfuggirle:0.5399724841117859 fuggirne:0.5373591184616089 scampa:0.5368760228157043 sfuggirli:0.5368181467056274 sfuggendo:0.53507000207901 uccidendosi:0.5326728224754333 ucciderne:0.5282446146011353 rifugiandosi:0.5279408693313599 scampato:0.5232188701629639 scampoli:0.5215812921524048 fuggiaschi:0.5213648080825806 sfuggirci:0.5207859873771667 scamps:0.5204642415046692 disperata:0.5167486071586609 sfuggirgli:0.5151413083076477 trucidarlo:0.5146536231040955 scampìa:0.5120648741722107 scampando:0.5118298530578613 disperate:0.511210560798645 fuggiasche:0.5109853744506836 disperato»:0.5103399157524109 disperarsi:0.5101310610771179 fuga:0.5089966654777527 scampasse:0.5081796646118164 barricarsi:0.5079202055931091 sfuggirti:0.5052507519721985 soccorrerlo:0.5042180418968201 agguato:0.5028629302978516 sfuggiranno:0.5014603137969971 disperato:0.5006323456764221
