word,neighbors
scampolo,campolo:0.7669023871421814 scampoli:0.7461172342300415 sampolo:0.6698002815246582 ampolo:0.6352314949035645 ciampolo:0.5944095849990845 scampo:0.5628107786178589 campolonghi:0.5593637824058533 campoloro:0.5523679852485657 scampìa:0.5258294939994812 franciosa:0.5245656371116638 totòtruffa:0.5171566605567932 franciolli:0.5161493420600891 malasomma:0.5128452181816101 guappi:0.5115768313407898 franciolini:0.5099309682846069 campoloniano:0.5033958554267883 monsampolo:0.5023492574691772 campolmi:0.5002283453941345
