word,neighbors
soldino,oldino:0.7739273905754089 bertoldino:0.7431138157844543 poldino:0.6964172720909119 boldino:0.6850299835205078 soldini:0.6435918807983398 soldin:0.6406628489494324 soldi»:0.6230703592300415 scaldino:0.5728657841682434 cacasenno:0.5704272985458374 saldino:0.5622198581695557 guldino:0.5502462983131409 quattrino:0.545051634311676 eldino:0.5416276454925537 bertoldini:0.5378388166427612 uldino:0.5340510606765747 aldino:0.5219270586967468 soldifacili:0.5195719599723816 salvadanaio:0.5189900398254395 galdino:0.5167611837387085 soldi:0.5163466334342957 truffaldino:0.5117687582969666 valdino:0.5103198289871216 soldatino:0.5102632641792297 bertoldo»:0.5079344511032104 grugnuccio:0.5068958401679993 baldino:0.5063095688819885 zibaldino:0.5052225589752197 paperinocchio:0.5044999718666077 smaldino:0.5035877227783203 cicciolina:0.5016458630561829
