word,neighbors
spia,spie:0.6397095918655396 doppiogiochista:0.5906060934066772 spiona:0.5792821645736694 spiare:0.5780063271522522 spionaggio:0.5690056085586548 controspionaggio:0.5670638084411621 doppiogiochisti:0.5647530555725098 controspione:0.559140145778656 doppiogiochiste:0.5524494051933289 doppiogiochismo:0.5457763075828552 traditore:0.5445037484169006 infiltratore:0.5393861532211304 spionaggio»:0.5375414490699768 doppiogioco:0.5359939932823181 spy:0.535276472568512 infiltrata:0.5315589904785156 spionin:0.5310892462730408 spione:0.5267829298973083 spioni:0.5180200338363647 infiltrometro:0.5168057084083557 spiata:0.515567421913147 segreta:0.5153771638870239 spion:0.5148544311523438 sabotatore:0.5122450590133667 infiltrato:0.5115870237350464 spiava:0.5112166404724121 spiato:0.5110918283462524 disertore:0.5109173059463501 cia:0.5087109208106995 informatore:0.5082435607910156 spionaggi:0.5063439011573792 spioncino:0.504456639289856 cospiratore:0.5020042657852173
