word,neighbors
spunto,spunti:0.6841108798980713 espunto:0.6705925464630127 ispirazione:0.6475488543510437 traendo:0.5815504789352417 ispirazioni:0.5803388953208923 trae:0.5711262226104736 ispirandomi:0.550774335861206 ispirandosi:0.5505133867263794 ispirandola:0.5491634607315063 ispirandolo:0.5455684661865234 ispirato:0.5455250144004822 ispirandoci:0.5450640916824341 trasse:0.5384550094604492 ispirando:0.5258858799934387 rielaborandolo:0.5255667567253113 traendone:0.5225378274917603 rielabora:0.5223172307014465 rielaborare:0.5219163298606873 rielaborandola:0.5218843817710876 ispiri:0.5198502540588379 ispirativo:0.5143267512321472 rielaborando:0.5138733386993408 ispiratagli:0.5130159854888916 rielaborazione:0.5107389688491821 considerazione:0.5106785297393799 espunti:0.5100061893463135 rielaborato:0.5076631903648376 trarre:0.505664587020874 attinto:0.505165696144104 rielaborava:0.5046951770782471 rielaborarlo:0.5032627582550049 rielaboro:0.5019471049308777 rielaborarla:0.5018879175186157 ispirata:0.5009109973907471 trarrei:0.5001475811004639
