word,neighbors
stivale,stivaletta:0.7697741389274597 stivaletto:0.7691336870193481 stivala:0.727438747882843 stivaletti:0.7273681163787842 stivaloni:0.7142910957336426 stivali:0.69585120677948 stival:0.6453236937522888 estivale:0.6098067760467529 giacca:0.5479848384857178 giubbotto:0.5418914556503296 fazzoletto:0.535165548324585 cappello:0.5291292667388916 zainetto:0.5264542698860168 zaino:0.5262395739555359 spallaccio:0.526211678981781 giubbone:0.5252285003662109 cappotto:0.5232980847358704 pantaloni:0.5230393409729004 cappellino:0.5228774547576904 festivale:0.5218035578727722 taschino:0.5203196406364441 borsetto:0.5202417373657227 spillone:0.5182958245277405 scamiciato:0.5173575282096863 camicia:0.5163228511810303 portafazzolettone:0.5155912637710571 suola:0.5151500701904297 gonnellino:0.5146501064300537 calzatura:0.5139862298965454 maglioncino:0.5138620138168335 cravattino:0.5138106346130371 fondoschiena:0.5119819045066833 slaccia:0.5117821097373962 cuoio:0.51125168800354 pantalone:0.510825514793396 fusciacche:0.5107055902481079 corpetto:0.5100470185279846 visiera:0.5085687637329102 fibbia:0.5082311630249023 paraorecchie:0.5073316097259521 materasso:0.507227897644043 scollatura:0.5071768164634705 cinghietta:0.5063137412071228 spacco:0.5060891509056091 strofinaccio:0.5059995055198669 musciale:0.5051992535591125 doppiopetto:0.5043514370918274 puntale:0.5039852857589722 sottobraccio:0.5038412809371948 sciarpa:0.5036382675170898 manichetta:0.5035640001296997 giacchetta:0.5030637979507446 sbottonato:0.5022356510162354 soprabito:0.5018388628959656 panno:0.500682532787323 incamiciato:0.5005003213882446 berretto:0.5001136064529419
