word,neighbors
tacco,taccogna:0.5950855016708374 taccole:0.5894334316253662 taccoen:0.5871540904045105 taccoli:0.5770854949951172 tacchi:0.574496328830719 taccocua:0.5722476840019226 taccori:0.5695055723190308 taccon:0.5637682676315308 taccola:0.5625866055488586 battitacco:0.5625668168067932 taccone:0.5527969598770142 taccona:0.5358507037162781 tacchio:0.5337753891944885 tacchia:0.5314873456954956 giacchetto:0.5308368802070618 taccu:0.5290637612342834 tacce:0.5205816030502319 pitacco:0.5189000964164734 tacconi:0.5178713798522949 pallonetto:0.517619788646698 suola:0.5154496431350708 stacco:0.5106257796287537 infradito:0.5101327300071716 gonnellino:0.5049481987953186 corpetto:0.5042298436164856 polsino:0.5013794302940369 spillo:0.5013229250907898 spallone:0.5011974573135376
