word,neighbors
tara,taryn:0.5476606488227844 sookie:0.5282299518585205 trishelle:0.5194997191429138 leeann:0.5188932418823242 leeanna:0.5173786878585815 deannie:0.5164411664009094 paige:0.5163318514823914 jillian:0.512729287147522 alanna:0.508568286895752 willow:0.5080191493034363 nia:0.5058705806732178 rheanna:0.5058675408363342 braddy:0.5042783617973328 alannah:0.5017632842063904
