word,neighbors
tifo,tifoide:0.6381143927574158 tifoidi:0.6323980689048767 tifose:0.6136232614517212 tifoidee:0.6049821972846985 petecchia:0.5816442370414734 tifosa:0.561917781829834 petecchiale:0.5563644766807556 colera:0.5556961297988892 ultras:0.5550264120101929 tifoseria:0.5511124730110168 fetecchia:0.5453798770904541 dissenteria:0.5444387197494507 meningite:0.5421218872070312 tifoidea:0.5379453301429749 tifosi:0.5342618227005005 antipetecchiale:0.5297003388404846 tubercolosi:0.529430091381073 polmonite:0.5290253162384033 tifoserie:0.5284855365753174 epidemia:0.5247182250022888 tifoso:0.5221111178398132 esantematico:0.5214711427688599 paratifo:0.5214177966117859 petecchie:0.5184717774391174 tifour:0.5168846249580383 epidemica:0.5147305130958557 malaria:0.514541745185852 epidemici:0.514343798160553 infettiva:0.5114021897315979 vaiolo:0.509523332118988 infettino:0.5081888437271118 setticemia:0.5069080591201782 infettive:0.503198504447937 epatite:0.5031196475028992 paratifoide:0.5025501847267151 epidemiche:0.5016286969184875 difterite:0.5014582872390747 esantematica:0.5008175373077393 antipoliomielite:0.5002537369728088
