word,neighbors
timo,tolkki:0.5818571448326111 kotipelto:0.5662691593170166 vuorinen:0.554593563079834 virolainen:0.5487110018730164 rautiainen:0.5417444705963135 terpinen:0.5413728952407837 anttonen:0.5352720022201538 kalliomäki:0.5313172340393066 mikkonen:0.5305736064910889 tarvonen:0.529890239238739 jussilainen:0.5298293232917786 puikkonen:0.5293923020362854 tiainen:0.5269424915313721 pehkonen:0.524275004863739 aaltonen:0.5235204696655273 arvoinen:0.5233252644538879 latvala:0.522765576839447 juusonen:0.5220392346382141 pohjalainen:0.5212404131889343 karjalainen:0.5206567645072937 rantanen:0.517754852771759 nevalainen:0.5173819065093994 karppinen:0.5167492628097534 kainulainen:0.5166878700256348 ahola:0.5158993601799011 pulkkinen:0.5153330564498901 kykkänen:0.5147339105606079 salainen:0.5144334435462952 lampinen:0.5136906504631042 huurinainen:0.5133934617042542 koskinen:0.5131532549858093 hytönen:0.5128965377807617 sihvonen:0.5106868147850037 heinänen:0.5101339817047119 kokkonen:0.5097190141677856 luterilainen:0.5085422396659851 peltonen:0.508047342300415 siitonen:0.50786954164505 leppänen:0.5078374743461609 vehkonen:0.5069958567619324 nyyssonen:0.5067257285118103 poutiainen:0.5065110325813293 muukalainen:0.506433367729187 moilanen:0.5062647461891174 nousiainen:0.5051916241645813 tervonen:0.5051161646842957 seppänen:0.5050835609436035 lappalainen:0.5050161480903625 lyytinen:0.5046766400337219 hulkkonen:0.5043513178825378 pikkarainen:0.504034161567688 keinänen:0.5012774467468262 heikkonen:0.5009951591491699 urpilainen:0.500916063785553 salmelainen:0.5007874369621277 zonen:0.5005345344543457 hänninen:0.5004910230636597
