word,neighbors
vaso,vasi:0.6865028142929077 coperchio:0.5685784220695496 anfora:0.5662489533424377 toperchio:0.5524933338165283 vasetto:0.5502148866653442 recipiente:0.5445052981376648 vasoio:0.540780782699585 vascolare:0.5354424715042114 terracotta:0.5292397141456604 pisside:0.5286931991577148 siringobulbia:0.528346836566925 ciotole:0.5263574123382568 bicchiere:0.524612307548523 lekythos:0.5223771333694458 vascolo:0.519384503364563 sanguifero:0.5190741419792175 anfore:0.5188064575195312 psyktèr:0.5187729001045227 gocciolare:0.5157862305641174 ciotola:0.5147671103477478 vasella:0.5142620205879211 tazza:0.5133343935012817 zampillare:0.5108126997947693 vasetti:0.5089754462242126 siringa:0.5088590979576111 dolio:0.5087630748748779 kantharos:0.5085145831108093 vasellame:0.5083409547805786 gocciolatoio:0.5076419115066528 bacinetto:0.5069470405578613 campaniforme:0.5065462589263916 oinochoe:0.5057585835456848 recipienti:0.5053324103355408 kantharoi:0.5033474564552307 ampolle:0.5012333393096924 terracotte:0.5011659860610962 bacinella:0.5005527138710022
