word,neighbors
verga,malavoglia:0.595860481262207 capuana:0.5720555186271667 verghiani:0.568413496017456 verghiana:0.5649189352989197 verghiano:0.5544459819793701 calanovella:0.5535406470298767 teverga:0.5501018762588501 vergaio:0.5402786731719971 diverga:0.5332042574882507 pirandello:0.5329805016517639 bufalino:0.5328396558761597 martoglio:0.5306291580200195 vergallo:0.5243629813194275 deledda:0.5239267945289612 vergagni:0.5235738158226013 buttitta:0.5206902027130127 villaroel:0.5205132365226746 pirandello»:0.5192761421203613 verghiane:0.5144292116165161 vergani:0.5133221745491028 pelaverga:0.5077558755874634 malpelo:0.5077277421951294 fògola:0.5062949061393738 vergante:0.5060668587684631 verismo:0.5028079748153687
