word,neighbors
viola,"violino/viola:0.6772993803024292 viol@:0.6574741005897522 viole:0.6457051634788513 blu/viola:0.6279577016830444 violoncello:0.5997507572174072 violino:0.5994482040405273 violoni:0.5921303033828735 violo:0.5917970538139343 violoncino:0.5827417969703674 violini:0.5825708508491516 violina:0.5825569033622742 violone:0.5782651901245117 violaccia:0.5669997930526733 rosso/viola:0.5649805665016174 violins:0.5599344372749329 violoncellos:0.557025134563446 violoncelli:0.5549643039703369 viol:0.5503198504447937 violin:0.546266496181488 violetti:0.5453912615776062 concertante:0.54266357421875 violine:0.5402002930641174 pianoforte:0.5382053852081299 violon:0.537311851978302 violé:0.5372440814971924 sonata:0.5364465713500977 violak:0.5345177054405212 cello:0.5345001816749573 organo#sonata:0.5340734124183655 pianoforte,:0.5270212888717651 viols:0.5261507034301758 pianoforte/:0.5259791612625122 clarinetto:0.5228086709976196 violes:0.5214818120002747 violoncelle:0.5208020210266113 sonatina:0.5197011232376099 arpa:0.5190010070800781 fagotto:0.5175945162773132 violacciocca:0.5165347456932068 violetto:0.5132421255111694 pianoforte»:0.5124539732933044 violino,:0.5121138691902161 sonatas:0.5110580325126648 °violino:0.5086424350738525 violett:0.5078898668289185 violastra:0.5077311396598816 clarinetti:0.5072654485702515 violka:0.5066416263580322 celesta:0.5059607028961182 inpermation:0.505286693572998 violaciocca:0.5050774812698364 flauto:0.5034177899360657 violacciocche:0.5032945275306702 tónverkamiðstöð:0.5020655989646912 triosonata:0.5008020401000977"
